"ID","Group","Crim","Indirect","Reward","Susp","DirectCode","IndirectCode"
"1917",1,3,1,3,3,"1.3","1.2"
"1398",1,2,0,2,0,"1.0","0.2"
"2189",1,1,1,1,1,"1.1","1.1"
"052",2,1,1,1,2,"2.2","0.3"
"363",1,4,0,4,4,"1.4","0.4"
"438",1,1,0,1,2,"1.2","0.2"
"2765",1,1,1,1,0,"1.0","1.0"
"970",1,2,0,2,1,"1.1","0.3"
"2084",1,3,1,3,3,"1.3","1.3"
"2134",1,3,1,3,2,"1.2","1.2"
"1920",2,2,0,2,2,"2.2","0.2"
"1716",1,1,0,1,0,"1.0","0.0"
"1063",1,2,0,2,3,"1.3","0.3"
"2984",1,4,1,4,5,"1.5","1.5"
"2273",1,1,0,1,0,"1.0","0.1"
"1043",2,1,1,1,2,"2.2","1.2"
"2880",1,4,0,4,4,"1.4","1.3"
"2154",1,1,0,1,0,"1.0","0.0"
"2388",1,4,0,4,5,"1.5","1.4"
"069",1,2,0,2,0,"1.0","0.0"
"2727",1,4,1,4,5,"1.5","1.5"
"2330",1,3,0,3,3,"1.3","1.5"
"397",2,2,0,2,4,"2.4","0.4"
"1877",1,1,0,1,0,"1.0","0.1"
"2575",2,1,1,1,2,"2.2","1.5"
"778",1,1,0,1,0,"1.0","0.0"
"617",1,2,0,2,3,"1.3","0.0"
"670",2,1,1,1,4,"2.4","0.4"
"217",1,3,0,3,5,"1.5","0.1"
"1582",1,2,0,2,2,"1.2","0.2"
"1706",1,3,1,3,3,"1.3","1.3"
"1919",1,2,0,2,2,"1.2","1.2"
"659",1,2,1,2,2,"1.2","1.2"
"279",2,3,0,3,3,"2.3","1.2"
"945",2,2,0,2,3,"2.3","0.1"
"2670",2,1,0,1,1,"2.1","0.1"
"1429",1,2,0,2,4,"1.4","1.3"
"2051",1,4,0,4,5,"1.5","0.5"
"2513",1,3,1,3,4,"1.4","0.3"
"2960",1,2,0,2,2,"1.2","1.6"
"667",1,1,0,1,1,"1.1","0.1"
"1642",1,2,0,2,1,"1.1","0.2"
"1303",1,4,0,4,4,"1.4","0.4"
"1875",2,4,0,4,3,"2.3","0.3"
"897",1,1,0,1,2,"1.2","0.2"
"457",1,4,0,4,4,"1.4","1.2"
"1959",2,4,0,4,4,"2.4","0.5"
"1185",2,1,1,1,1,"2.1","0.2"
"2022",1,3,0,3,4,"1.4","0.5"
"849",1,2,1,2,2,"1.2","1.2"
"791",2,4,1,4,4,"2.4","1.4"
"2523",1,1,0,1,1,"1.1","1.6"
"2568",2,2,0,2,3,"2.3","0.1"
"2160",1,2,0,2,2,"1.2","0.2"
"1420",1,3,0,3,3,"1.3","0.3"
"1401",1,3,0,3,4,"1.4","0.4"
"2058",1,3,0,3,4,"1.4","0.4"
"2979",1,2,1,2,3,"1.3","1.3"
"2070",1,3,0,3,4,"1.4","0.4"
"2860",1,1,0,1,2,"1.2","0.2"
"579",1,4,0,4,4,"1.4","0.4"
"998",2,4,1,4,4,"2.4","0.4"
"1206",2,3,1,3,4,"2.4","1.4"
"1589",2,3,1,3,2,"2.2","1.2"
"273",1,3,1,3,4,"1.4","0.0"
"2971",1,1,0,1,1,"1.1","0.1"
"888",1,2,0,2,2,"1.2","0.4"
"654",1,1,0,1,0,"1.0","0.2"
"592",2,2,0,2,4,"2.4","0.4"
"2362",2,1,1,1,1,"2.1","1.4"
"2169",1,1,0,1,0,"1.0","0.0"
"1112",1,3,0,3,5,"1.5","1.5"
"2638",1,1,1,1,1,"1.1","1.1"
"1797",1,3,1,3,3,"1.3","1.3"
"1001",1,3,0,3,2,"1.2","1.3"
"2115",1,4,0,4,5,"1.5","0.5"
"391",2,4,1,4,4,"2.4","0.5"
"2284",1,2,0,2,3,"1.3","0.3"
"1310",1,2,0,2,2,"1.2","0.1"
"1910",1,1,0,1,1,"1.1","0.1"
"1568",1,3,1,3,3,"1.3","1.5"
"2587",1,3,0,3,4,"1.4","1.3"
"499",1,4,0,4,4,"1.4","1.2"
"1025",2,2,0,2,3,"2.3","1.3"
"380",1,3,1,3,3,"1.3","1.3"
"1360",1,4,0,4,4,"1.4","0.4"
"630",1,2,0,2,0,"1.0","0.0"
"2567",1,1,0,1,1,"1.1","0.3"
"653",1,4,0,4,2,"1.2","0.2"
"2664",2,2,0,2,2,"2.2","0.2"
"2098",1,4,1,4,4,"1.4","1.4"
"2291",1,4,0,4,5,"1.5","0.1"
"1152",2,2,1,2,4,"2.4","1.4"
"329",2,3,0,3,5,"2.5","0.2"
"1031",1,2,0,2,2,"1.2","0.4"
"216",1,2,0,2,1,"1.1","0.0"
"1193",2,1,1,1,1,"2.1","0.3"
"2304",1,4,0,4,3,"1.3","0.3"
"1248",2,3,0,3,4,"2.4","0.4"
"1255",2,1,0,1,3,"2.3","0.4"
"2477",1,3,0,3,3,"1.3","1.2"
"2450",1,1,1,1,0,"1.0","0.2"
"2067",1,2,1,2,2,"1.2","1.2"
"025",1,3,0,3,2,"1.2","1.5"
"612",2,3,0,3,3,"2.3","0.6"
"999",1,2,0,2,1,"1.1","0.1"
"700",1,4,0,4,3,"1.3","0.4"
"2436",1,3,0,3,4,"1.4","1.2"
"495",1,4,1,4,5,"1.5","1.2"
"661",2,3,1,3,2,"2.2","1.2"
"2061",1,4,1,4,5,"1.5","0.0"
"2790",2,2,1,2,3,"2.3","1.2"
"659",1,2,1,2,2,"1.2","0.4"
"805",1,3,0,3,3,"1.3","0.1"
"1023",1,1,0,1,0,"1.0","0.4"
"496",2,4,0,4,5,"2.5","0.5"
"2127",2,4,0,4,4,"2.4","0.4"
"1527",1,2,0,2,3,"1.3","0.2"
"2763",1,3,0,3,2,"1.2","0.2"
"146",1,1,1,1,0,"1.0","1.5"
"329",2,3,0,3,5,"2.5","0.5"
"1775",1,1,1,1,2,"1.2","1.1"
"335",2,3,0,3,2,"2.2","0.2"
"958",1,2,0,2,0,"1.0","1.0"
"1075",2,3,0,3,5,"2.5","0.2"
"1294",1,2,0,2,1,"1.1","0.1"
"2817",2,1,0,1,3,"2.3","0.1"
"1479",2,3,1,3,4,"2.4","1.4"
"2704",1,3,0,3,2,"1.2","0.2"
"2593",2,2,1,2,3,"2.3","1.3"
"226",2,1,1,1,1,"2.1","0.4"
"603",1,4,0,4,4,"1.4","0.1"
"1876",1,2,0,2,1,"1.1","0.3"
"1250",1,3,1,3,2,"1.2","1.2"
"107",2,2,0,2,3,"2.3","0.5"
"1883",1,1,1,1,2,"1.2","1.2"
"1642",1,2,0,2,1,"1.1","0.1"
"2060",1,1,0,1,0,"1.0","0.0"
"2145",1,1,0,1,1,"1.1","0.2"
"1157",2,4,1,4,5,"2.5","1.5"
"056",2,4,1,4,4,"2.4","1.4"
"2016",1,3,0,3,3,"1.3","0.3"
"2111",2,4,1,4,4,"2.4","0.2"
"1095",2,1,1,1,3,"2.3","1.3"
"2959",1,4,1,4,6,"1.6","1.1"
"187",2,1,1,1,1,"2.1","1.5"
"1704",1,1,0,1,3,"1.3","0.3"
"2903",2,3,0,3,3,"2.3","0.3"
"468",1,4,0,4,6,"1.6","0.6"
"2977",1,3,0,3,4,"1.4","0.4"
"2668",1,4,1,4,5,"1.5","0.0"
"539",1,4,1,4,4,"1.4","1.5"
"554",2,4,1,4,5,"2.5","1.0"
"1722",1,2,1,2,2,"1.2","1.2"
"850",1,1,1,1,1,"1.1","1.1"
"777",2,4,1,4,6,"2.6","1.4"
"2923",2,3,1,3,4,"2.4","1.4"
"1736",1,3,0,3,1,"1.1","0.1"
"232",1,4,0,4,3,"1.3","0.3"
"2406",1,3,1,3,3,"1.3","1.3"
"704",1,3,0,3,1,"1.1","0.1"
"390",2,3,0,3,5,"2.5","0.5"
"1819",1,3,1,3,4,"1.4","1.4"
"1679",1,3,0,3,4,"1.4","0.4"
"1761",2,3,0,3,2,"2.2","0.2"
"2797",2,1,0,1,3,"2.3","0.4"
"1800",2,3,1,3,5,"2.5","0.0"
"2963",1,3,0,3,3,"1.3","0.3"
"109",2,3,1,3,4,"2.4","1.4"
"018",2,2,1,2,3,"2.3","1.5"
"1590",1,3,0,3,4,"1.4","0.4"
"2077",1,2,0,2,3,"1.3","0.3"
"2537",1,3,1,3,4,"1.4","1.4"
"2444",1,4,0,4,4,"1.4","0.4"
"2623",1,2,0,2,3,"1.3","0.3"
"755",1,4,0,4,4,"1.4","0.5"
"965",1,2,0,2,1,"1.1","0.1"
"661",2,3,1,3,2,"2.2","0.5"
"2650",1,1,1,1,0,"1.0","0.2"
"1833",1,4,0,4,5,"1.5","0.5"
"537",1,1,1,1,1,"1.1","1.1"
"2948",1,2,0,2,3,"1.3","0.3"
"765",1,4,0,4,5,"1.5","0.5"
"1450",2,4,1,4,4,"2.4","1.4"
"2711",1,3,0,3,2,"1.2","0.2"
"1539",1,3,1,3,3,"1.3","0.4"
"1860",1,1,0,1,3,"1.3","0.1"
"256",1,2,0,2,2,"1.2","0.2"
"2338",2,2,0,2,3,"2.3","0.4"
"1175",1,4,0,4,3,"1.3","0.3"
"2955",1,2,0,2,0,"1.0","0.0"
"2297",1,2,1,2,2,"1.2","1.2"
"631",1,2,1,2,2,"1.2","1.2"
"2442",1,1,1,1,1,"1.1","1.1"
"393",1,3,1,3,2,"1.2","1.6"
"1717",1,3,0,3,4,"1.4","0.0"
"1201",1,1,1,1,0,"1.0","1.0"
"2419",1,3,0,3,3,"1.3","1.1"
"2976",1,2,0,2,1,"1.1","0.1"
"1105",1,3,0,3,4,"1.4","0.4"
"2842",1,4,1,4,4,"1.4","1.4"
"181",2,1,1,1,0,"2.0","1.0"
"797",2,3,0,3,4,"2.4","0.1"
"1912",1,2,1,2,2,"1.2","0.3"
"2486",2,1,0,1,2,"2.2","0.2"
"2829",1,2,1,2,1,"1.1","1.5"
"341",1,1,1,1,2,"1.2","1.2"
"1605",2,3,0,3,3,"2.3","0.3"
"1869",1,2,0,2,0,"1.0","0.3"
"1962",1,3,0,3,3,"1.3","0.3"
"2435",1,2,1,2,2,"1.2","0.3"
"1934",2,2,0,2,3,"2.3","0.3"
"1619",1,2,1,2,2,"1.2","0.3"
"2249",1,2,0,2,1,"1.1","0.1"
"280",2,1,0,1,2,"2.2","0.2"
"682",2,3,0,3,3,"2.3","1.4"
"560",2,1,0,1,2,"2.2","0.2"
"1881",1,2,0,2,2,"1.2","0.2"
"1585",1,3,0,3,3,"1.3","0.3"
"765",1,4,0,4,5,"1.5","1.2"
"2778",1,1,0,1,2,"1.2","0.2"
"1858",1,1,0,1,3,"1.3","0.3"
"029",1,2,0,2,3,"1.3","0.3"
"2879",1,4,1,4,3,"1.3","1.3"
"2516",2,3,0,3,3,"2.3","0.4"
"178",1,2,0,2,3,"1.3","0.3"
"788",1,1,1,1,1,"1.1","1.1"
"1194",2,1,1,1,4,"2.4","1.1"
"1962",1,3,0,3,3,"1.3","0.4"
"726",1,1,0,1,2,"1.2","0.2"
"2518",1,1,1,1,1,"1.1","1.1"
"1410",1,4,1,4,2,"1.2","1.2"
"2874",1,2,0,2,2,"1.2","0.2"
"1044",1,4,0,4,4,"1.4","1.2"
"2678",1,3,0,3,3,"1.3","0.3"
"2694",2,4,1,4,6,"2.6","1.6"
"911",1,1,0,1,1,"1.1","0.1"
"2834",1,3,1,3,3,"1.3","1.5"
"748",1,3,1,3,4,"1.4","1.3"
"662",1,3,1,3,4,"1.4","1.4"
"1190",1,1,0,1,0,"1.0","1.2"
"2089",1,2,0,2,2,"1.2","0.0"
"1579",1,2,0,2,2,"1.2","0.0"
"2267",1,3,0,3,2,"1.2","0.2"
"318",2,2,0,2,3,"2.3","0.3"
"2115",1,4,0,4,5,"1.5","1.2"
"1337",1,1,1,1,0,"1.0","1.0"
"1687",1,3,0,3,3,"1.3","1.4"
"2072",2,2,0,2,3,"2.3","0.3"
"1138",2,2,1,2,4,"2.4","1.2"
"1797",1,3,1,3,3,"1.3","1.3"
"2106",1,1,0,1,1,"1.1","0.1"
"2403",1,2,1,2,3,"1.3","1.3"
"709",1,3,0,3,4,"1.4","0.4"
"191",2,1,0,1,3,"2.3","0.3"
"1777",1,1,1,1,1,"1.1","1.5"
"1346",2,4,1,4,5,"2.5","1.5"
"1082",2,3,1,3,6,"2.6","0.0"
"685",2,3,1,3,4,"2.4","0.4"
"2795",2,4,0,4,5,"2.5","0.4"
"2069",1,3,0,3,2,"1.2","0.2"
"2611",1,3,1,3,4,"1.4","1.4"
"065",1,1,1,1,2,"1.2","1.2"
"1966",1,4,0,4,4,"1.4","1.3"
"1326",2,4,1,4,6,"2.6","1.3"
"2853",1,4,0,4,3,"1.3","1.3"
"1808",2,1,1,1,2,"2.2","1.2"
"1835",1,1,0,1,0,"1.0","0.3"
"2597",1,4,1,4,5,"1.5","1.5"
"739",1,4,0,4,4,"1.4","1.4"
"2209",2,3,1,3,5,"2.5","1.5"
"130",2,4,0,4,6,"2.6","1.0"
"2360",1,2,0,2,2,"1.2","1.5"
"398",2,3,0,3,5,"2.5","0.5"
"2566",1,3,0,3,3,"1.3","0.3"
"389",2,3,0,3,3,"2.3","0.3"
"2423",1,2,0,2,3,"1.3","1.1"
"2083",2,4,1,4,5,"2.5","1.5"
"690",1,4,1,4,4,"1.4","1.4"
"1366",1,3,1,3,3,"1.3","1.3"
"1694",1,4,0,4,4,"1.4","0.6"
"1191",2,2,0,2,4,"2.4","0.0"
"342",1,2,0,2,3,"1.3","1.2"
"1952",1,4,0,4,5,"1.5","0.5"
"2339",1,3,0,3,3,"1.3","0.3"
"1313",1,2,1,2,4,"1.4","1.4"
"2823",2,1,1,1,2,"2.2","1.2"
"2300",1,4,0,4,4,"1.4","0.4"
"1635",1,2,0,2,2,"1.2","0.5"
"1562",1,4,1,4,5,"1.5","1.5"
"2636",1,1,1,1,2,"1.2","1.2"
"1278",1,3,1,3,3,"1.3","0.6"
"940",2,2,0,2,3,"2.3","1.2"
"719",1,3,0,3,2,"1.2","0.2"
"1641",1,1,0,1,2,"1.2","1.3"
"1511",1,4,1,4,4,"1.4","0.1"
"2927",2,1,1,1,1,"2.1","1.1"
"2298",1,4,1,4,3,"1.3","1.3"
"2563",1,4,0,4,3,"1.3","0.4"
"2389",1,4,0,4,3,"1.3","0.3"
"1781",1,2,1,2,4,"1.4","0.1"
"2087",2,3,0,3,4,"2.4","1.6"
"1771",1,3,0,3,3,"1.3","0.3"
"784",2,3,0,3,5,"2.5","0.3"
"006",1,1,0,1,2,"1.2","1.7"
"308",1,3,0,3,3,"1.3","0.3"
"1843",1,2,0,2,2,"1.2","1.4"
"013",2,1,0,1,3,"2.3","0.3"
"2559",1,2,0,2,2,"1.2","1.3"
"554",2,4,1,4,5,"2.5","1.5"
"2981",1,2,1,2,3,"1.3","0.3"
"2487",1,2,0,2,3,"1.3","0.2"
"888",1,2,0,2,2,"1.2","0.2"
"812",2,2,1,2,1,"2.1","0.3"
"1354",1,3,0,3,3,"1.3","0.3"
"284",2,2,0,2,3,"2.3","0.3"
"1967",1,3,1,3,4,"1.4","1.4"
"1620",2,3,0,3,6,"2.6","1.2"
"1715",1,1,0,1,0,"1.0","0.0"
"2193",1,3,1,3,3,"1.3","0.2"
"1030",1,2,0,2,4,"1.4","0.4"
"633",2,1,0,1,3,"2.3","0.2"
"294",2,2,0,2,4,"2.4","0.4"
"528",1,4,0,4,3,"1.3","0.3"
"1586",1,2,0,2,2,"1.2","0.2"
"1935",2,4,0,4,5,"2.5","0.5"
"2910",1,4,1,4,4,"1.4","1.4"
"2460",1,1,1,1,1,"1.1","1.1"
"1240",2,2,0,2,2,"2.2","1.5"
"1709",2,1,0,1,2,"2.2","0.2"
"1609",1,3,0,3,4,"1.4","0.4"
"954",2,4,0,4,4,"2.4","0.2"
"1982",1,2,0,2,1,"1.1","0.1"
"033",1,2,0,2,0,"1.0","0.0"
"2917",1,3,1,3,2,"1.2","0.4"
"361",1,4,1,4,4,"1.4","1.4"
"2346",1,2,1,2,1,"1.1","1.1"
"2577",2,1,0,1,2,"2.2","0.2"
"2686",2,3,1,3,3,"2.3","1.3"
"949",2,3,1,3,5,"2.5","1.2"
"2093",1,1,0,1,1,"1.1","0.1"
"2707",1,4,1,4,5,"1.5","1.1"
"2991",2,2,0,2,3,"2.3","0.3"
"1869",1,2,0,2,0,"1.0","0.0"
"1414",1,4,1,4,5,"1.5","1.5"
"2815",2,1,1,1,3,"2.3","0.5"
"586",1,4,0,4,5,"1.5","0.5"
"041",1,1,1,1,2,"1.2","1.2"
"1800",2,3,1,3,5,"2.5","1.5"
"1056",2,3,1,3,4,"2.4","1.5"
"2672",2,2,1,2,4,"2.4","0.0"
"2905",2,2,1,2,3,"2.3","0.4"
"2520",2,1,1,1,2,"2.2","1.1"
"1677",2,4,1,4,7,"2.7","0.0"
"1612",1,4,1,4,4,"1.4","0.2"
"2676",1,1,1,1,0,"1.0","1.2"
"357",1,2,0,2,3,"1.3","0.6"
"764",1,1,1,1,2,"1.2","1.5"
"1730",1,3,0,3,2,"1.2","1.1"
"974",1,2,0,2,2,"1.2","0.4"
"1034",1,2,0,2,2,"1.2","0.2"
"2431",1,1,0,1,2,"1.2","1.3"
"2028",1,2,1,2,3,"1.3","1.3"
"026",2,4,0,4,5,"2.5","0.5"
"538",2,2,1,2,5,"2.5","1.1"
"2252",1,1,1,1,3,"1.3","1.3"
"2418",1,2,1,2,1,"1.1","1.1"
"1179",1,4,0,4,4,"1.4","0.4"
"2814",1,4,0,4,5,"1.5","0.5"
"2967",2,1,1,1,1,"2.1","1.1"
"493",2,4,1,4,7,"2.7","1.7"
"1496",1,4,1,4,4,"1.4","1.4"
"1292",2,4,1,4,5,"2.5","1.5"
"2737",1,4,0,4,5,"1.5","0.5"
"018",2,2,1,2,3,"2.3","1.3"
"2228",1,3,1,3,4,"1.4","0.6"
"1200",1,2,1,2,0,"1.0","1.5"
"2315",1,3,0,3,4,"1.4","0.4"
"2258",2,3,1,3,4,"2.4","1.4"
"2825",1,3,0,3,3,"1.3","0.3"
"379",1,1,0,1,1,"1.1","1.4"
"895",2,4,0,4,6,"2.6","1.1"
"862",1,4,0,4,4,"1.4","1.4"
"1983",1,4,0,4,4,"1.4","0.4"
"2183",2,3,0,3,4,"2.4","0.0"
"830",1,2,1,2,3,"1.3","1.3"
"1567",1,4,1,4,5,"1.5","0.3"
"2741",1,2,1,2,0,"1.0","0.3"
"1901",1,4,0,4,3,"1.3","0.2"
"579",1,4,0,4,4,"1.4","1.5"
"1600",1,4,1,4,3,"1.3","1.3"
"038",1,2,1,2,1,"1.1","1.3"
"2917",1,3,1,3,2,"1.2","1.2"
"909",1,2,0,2,3,"1.3","0.3"
"1705",1,3,0,3,3,"1.3","0.3"
"430",1,2,0,2,3,"1.3","0.1"
"1957",2,1,1,1,3,"2.3","0.4"
"2290",1,2,0,2,1,"1.1","0.3"
"1724",2,1,1,1,0,"2.0","1.0"
"2919",2,2,1,2,3,"2.3","1.3"
"1314",2,3,0,3,4,"2.4","0.4"
"1139",2,4,0,4,6,"2.6","0.6"
"2136",1,1,1,1,0,"1.0","1.3"
"2933",2,1,1,1,2,"2.2","0.1"
"2543",1,2,0,2,0,"1.0","0.0"
"743",1,1,0,1,0,"1.0","0.0"
"2155",2,4,1,4,5,"2.5","1.5"
"2522",2,4,1,4,6,"2.6","1.6"
"556",2,4,1,4,5,"2.5","1.5"
"1011",1,2,0,2,5,"1.5","0.3"
"348",1,2,0,2,1,"1.1","0.1"
"2651",1,3,0,3,2,"1.2","0.2"
"831",2,3,1,3,3,"2.3","1.3"
"1698",1,4,0,4,5,"1.5","0.5"
"308",1,3,0,3,3,"1.3","0.4"
"1634",1,4,0,4,5,"1.5","0.2"
"2413",1,4,1,4,4,"1.4","1.4"
"2744",1,3,1,3,3,"1.3","1.3"
"876",1,2,0,2,3,"1.3","1.4"
"1873",1,1,1,1,2,"1.2","1.2"
"312",2,4,0,4,7,"2.7","0.2"
"115",1,1,1,1,3,"1.3","0.4"
"713",1,1,1,1,0,"1.0","1.4"
"1740",1,2,0,2,2,"1.2","1.1"
"153",2,2,1,2,2,"2.2","1.2"
"281",1,3,0,3,3,"1.3","0.3"
"1995",2,4,0,4,6,"2.6","0.0"
"2366",2,2,1,2,4,"2.4","1.4"
"564",1,4,1,4,3,"1.3","1.3"
"2332",2,3,0,3,3,"2.3","0.3"
"1795",1,1,0,1,1,"1.1","0.1"
"394",1,4,1,4,6,"1.6","1.2"
"1600",1,4,1,4,3,"1.3","0.1"
"928",2,3,0,3,4,"2.4","0.4"
"2207",2,4,0,4,5,"2.5","0.5"
"2167",2,3,0,3,4,"2.4","0.3"
"195",1,1,0,1,2,"1.2","0.2"
"702",2,3,0,3,3,"2.3","0.3"
"884",2,1,1,1,1,"2.1","1.4"
"846",2,3,1,3,4,"2.4","1.4"
"2246",2,2,0,2,5,"2.5","1.4"
"2888",1,4,1,4,3,"1.3","1.3"
"2492",1,1,0,1,0,"1.0","0.2"
"2934",1,2,0,2,3,"1.3","0.3"
"2985",2,2,0,2,2,"2.2","1.5"
"2757",1,1,0,1,2,"1.2","0.2"
"2626",1,2,0,2,3,"1.3","0.3"
"2238",1,4,1,4,2,"1.2","1.2"
"858",1,4,0,4,4,"1.4","1.5"
"361",1,4,1,4,4,"1.4","0.3"
"1929",1,3,1,3,2,"1.2","1.2"
"2924",1,4,1,4,3,"1.3","1.3"
"321",1,3,1,3,3,"1.3","1.3"
"1017",2,2,0,2,5,"2.5","0.5"
"844",1,2,1,2,2,"1.2","0.0"
"095",1,3,0,3,3,"1.3","0.1"
"1383",2,1,1,1,1,"2.1","1.1"
"1953",1,1,0,1,2,"1.2","0.2"
"1503",1,2,0,2,1,"1.1","0.1"
"334",2,4,1,4,5,"2.5","1.5"
"2048",1,3,1,3,3,"1.3","1.1"
"403",1,4,0,4,3,"1.3","0.3"
"1284",1,2,1,2,1,"1.1","0.4"
"2247",2,2,1,2,2,"2.2","1.2"
"1358",2,2,0,2,4,"2.4","0.4"
"1764",1,1,0,1,0,"1.0","0.0"
"1710",1,1,1,1,1,"1.1","1.1"
"2691",2,1,0,1,2,"2.2","0.2"
"2349",1,4,0,4,4,"1.4","0.0"
"098",2,2,0,2,1,"2.1","0.1"
"750",1,4,1,4,3,"1.3","1.4"
"1938",2,2,1,2,3,"2.3","1.1"
"2457",1,4,1,4,3,"1.3","1.3"
"2819",2,4,0,4,5,"2.5","0.0"
"1807",2,3,0,3,4,"2.4","0.4"
"2382",1,2,0,2,3,"1.3","0.3"
"475",2,3,0,3,3,"2.3","0.0"
"1428",2,1,1,1,3,"2.3","1.3"
"271",2,2,0,2,3,"2.3","0.3"
"1667",1,2,0,2,1,"1.1","0.2"
"2328",2,1,1,1,2,"2.2","1.2"
"994",1,1,0,1,1,"1.1","0.1"
"1603",1,2,0,2,1,"1.1","0.1"
"485",2,2,0,2,3,"2.3","0.3"
"410",1,3,1,3,5,"1.5","1.5"
"1065",1,2,1,2,3,"1.3","1.3"
"683",2,1,1,1,4,"2.4","1.4"
"995",2,4,0,4,4,"2.4","0.1"
"048",2,3,1,3,2,"2.2","1.2"
"811",1,3,0,3,3,"1.3","0.2"
"2307",1,3,0,3,3,"1.3","0.3"
"2569",2,3,1,3,3,"2.3","1.3"
"020",1,4,1,4,5,"1.5","0.4"
"2456",1,1,1,1,0,"1.0","0.3"
"2723",2,2,0,2,5,"2.5","0.1"
"845",1,4,0,4,5,"1.5","0.5"
"2699",2,1,0,1,2,"2.2","0.2"
"2075",1,1,0,1,0,"1.0","0.0"
"510",1,3,1,3,4,"1.4","1.4"
"1854",1,2,0,2,1,"1.1","1.6"
"775",1,1,0,1,1,"1.1","0.1"
"1560",1,3,1,3,3,"1.3","1.3"
"1798",2,1,0,1,2,"2.2","1.3"
"2266",2,2,0,2,3,"2.3","0.3"
"1028",2,4,1,4,6,"2.6","1.6"
"2505",1,4,0,4,4,"1.4","0.4"
"1329",1,2,0,2,3,"1.3","0.3"
"2742",2,3,1,3,8,"2.8","1.0"
"1577",2,3,0,3,5,"2.5","0.5"
"2329",1,4,1,4,5,"1.5","1.2"
"1875",2,4,0,4,3,"2.3","0.1"
"2824",2,2,0,2,3,"2.3","1.2"
"2374",2,4,0,4,6,"2.6","0.3"
"2700",1,4,1,4,5,"1.5","0.2"
"961",1,2,1,2,4,"1.4","1.4"
"2397",2,2,1,2,2,"2.2","1.2"
"2464",1,1,0,1,0,"1.0","0.4"
"1652",1,2,0,2,3,"1.3","1.1"
"2597",1,4,1,4,5,"1.5","1.5"
"2182",1,1,0,1,0,"1.0","1.4"
"814",1,3,0,3,3,"1.3","0.2"
"248",1,1,0,1,1,"1.1","0.1"
"149",1,3,1,3,4,"1.4","1.4"
"144",1,3,0,3,2,"1.2","0.2"
"696",1,3,1,3,2,"1.2","1.2"
"2826",2,4,1,4,8,"2.8","1.8"
"118",1,2,0,2,2,"1.2","0.3"
"1580",1,2,0,2,3,"1.3","0.3"
"1047",2,3,1,3,4,"2.4","0.7"
"1292",2,4,1,4,5,"2.5","0.2"
"2331",1,3,1,3,3,"1.3","1.3"
"1105",1,3,0,3,4,"1.4","1.3"
"1408",1,3,1,3,3,"1.3","1.3"
"2123",1,2,0,2,2,"1.2","0.2"
"1183",1,1,1,1,1,"1.1","1.1"
"2775",1,1,0,1,0,"1.0","0.2"
"2150",2,4,1,4,5,"2.5","1.3"
"2244",1,4,0,4,4,"1.4","0.0"
"1273",2,4,1,4,5,"2.5","1.5"
"090",1,4,0,4,5,"1.5","0.5"
"2153",1,1,0,1,0,"1.0","1.3"
"2814",1,4,0,4,5,"1.5","1.1"
"1509",1,3,1,3,4,"1.4","1.5"
"505",2,3,1,3,2,"2.2","1.2"
"2120",1,2,0,2,1,"1.1","0.4"
"922",2,4,0,4,5,"2.5","0.5"
"1608",1,1,0,1,2,"1.2","0.2"
"1587",1,3,1,3,3,"1.3","1.3"
"1182",1,3,1,3,3,"1.3","1.0"
"1605",2,3,0,3,3,"2.3","1.4"
"313",2,4,0,4,5,"2.5","0.7"
"2363",1,3,1,3,4,"1.4","1.1"
"249",1,2,0,2,3,"1.3","0.3"
"2430",2,2,1,2,3,"2.3","1.3"
"2440",1,2,0,2,1,"1.1","0.2"
"1889",1,1,1,1,1,"1.1","1.1"
"2250",1,2,0,2,3,"1.3","0.1"
"1812",1,3,1,3,4,"1.4","1.4"
"2393",1,1,1,1,3,"1.3","0.1"
"665",2,2,1,2,3,"2.3","1.3"
"595",1,2,1,2,2,"1.2","0.2"
"2113",2,1,1,1,2,"2.2","1.2"
"1916",1,3,1,3,2,"1.2","1.2"
"047",2,4,0,4,6,"2.6","0.7"
"1518",1,3,0,3,3,"1.3","0.3"
"963",1,1,0,1,3,"1.3","1.2"
"2735",1,1,0,1,0,"1.0","1.4"
"1892",1,1,0,1,0,"1.0","0.0"
"1483",2,4,1,4,7,"2.7","0.2"
"2550",2,1,1,1,2,"2.2","1.5"
"309",1,1,1,1,0,"1.0","0.3"
"1188",2,2,1,2,3,"2.3","1.3"
"742",1,1,0,1,0,"1.0","0.0"
"1475",1,2,1,2,4,"1.4","1.4"
"1254",2,2,0,2,4,"2.4","0.4"
"1750",1,2,0,2,3,"1.3","0.3"
"315",1,4,1,4,3,"1.3","1.3"
"1541",1,1,0,1,3,"1.3","1.5"
"2220",1,1,0,1,0,"1.0","0.2"
"135",2,4,1,4,5,"2.5","0.3"
"1242",2,4,1,4,6,"2.6","0.1"
"429",1,2,0,2,1,"1.1","0.1"
"521",1,1,0,1,1,"1.1","0.1"
"1061",1,4,0,4,6,"1.6","0.6"
"1779",1,3,1,3,3,"1.3","1.3"
"2875",1,1,0,1,0,"1.0","0.0"
"1350",2,1,1,1,0,"2.0","1.0"
"1745",2,4,0,4,6,"2.6","0.6"
"1738",1,2,0,2,3,"1.3","1.2"
"2071",1,1,0,1,1,"1.1","0.1"
"2709",1,2,1,2,2,"1.2","1.2"
"2759",2,3,1,3,6,"2.6","1.6"
"1831",2,2,0,2,2,"2.2","0.2"
"1284",1,2,1,2,1,"1.1","1.1"
"2970",1,3,0,3,5,"1.5","0.5"
"1223",2,2,0,2,3,"2.3","1.4"
"2369",2,4,1,4,5,"2.5","1.5"
"2015",2,1,0,1,2,"2.2","1.3"
"2099",1,1,0,1,1,"1.1","0.1"
"1461",1,3,1,3,4,"1.4","1.4"
"2378",2,3,1,3,3,"2.3","1.3"
"1439",1,3,1,3,4,"1.4","1.4"
"1081",1,1,0,1,0,"1.0","0.0"
"1954",1,1,1,1,0,"1.0","1.0"
"2100",2,4,0,4,4,"2.4","0.4"
"938",1,3,0,3,1,"1.1","0.1"
"2810",1,4,0,4,3,"1.3","1.1"
"003",2,2,1,2,4,"2.4","1.4"
"1625",1,1,0,1,1,"1.1","0.1"
"1751",1,4,0,4,5,"1.5","0.5"
"290",1,4,1,4,5,"1.5","1.4"
"2603",1,1,0,1,0,"1.0","0.3"
"934",2,2,1,2,2,"2.2","1.1"
"644",2,4,0,4,6,"2.6","0.6"
"1679",1,3,0,3,4,"1.4","1.3"
"1141",1,4,1,4,4,"1.4","1.4"
"2979",1,2,1,2,3,"1.3","1.3"
"2020",1,1,1,1,2,"1.2","0.4"
"1650",1,3,0,3,4,"1.4","0.5"
"643",1,4,0,4,5,"1.5","0.5"
"1349",1,2,0,2,2,"1.2","0.2"
"1699",1,4,1,4,3,"1.3","0.5"
"2966",1,2,0,2,2,"1.2","0.2"
"1558",1,1,1,1,0,"1.0","0.1"
"873",1,4,1,4,4,"1.4","1.4"
"1221",1,2,0,2,2,"1.2","0.2"
"2281",2,2,0,2,2,"2.2","1.2"
"1908",1,4,1,4,4,"1.4","1.4"
"2781",2,1,0,1,2,"2.2","0.2"
"1725",1,4,0,4,3,"1.3","1.0"
"953",2,2,0,2,2,"2.2","0.2"
"2677",1,4,0,4,6,"1.6","0.6"
"2020",1,1,1,1,2,"1.2","1.2"
"1468",2,1,1,1,2,"2.2","1.2"
"1283",1,4,0,4,4,"1.4","0.4"
"2319",2,2,0,2,4,"2.4","0.3"
"208",1,3,0,3,3,"1.3","0.3"
"1251",1,4,0,4,4,"1.4","1.2"
"1533",1,1,0,1,2,"1.2","0.2"
"262",2,2,1,2,2,"2.2","0.4"
"2198",1,2,0,2,2,"1.2","0.2"
"840",1,4,0,4,3,"1.3","0.3"
"2368",1,3,0,3,2,"1.2","0.2"
"408",1,3,1,3,4,"1.4","1.4"
"2826",2,4,1,4,8,"2.8","0.3"
"208",1,3,0,3,3,"1.3","1.0"
"625",1,4,1,4,5,"1.5","1.5"
"452",1,4,0,4,4,"1.4","0.3"
"2796",1,3,0,3,4,"1.4","0.4"
"390",2,3,0,3,5,"2.5","0.3"
"2403",1,2,1,2,3,"1.3","1.3"
"2227",2,4,0,4,6,"2.6","0.0"
"2398",1,3,0,3,3,"1.3","0.3"
"2197",2,2,0,2,3,"2.3","1.1"
"2820",2,4,0,4,5,"2.5","0.5"
"953",2,2,0,2,2,"2.2","0.1"
"635",1,4,1,4,5,"1.5","1.5"
"1753",1,2,0,2,2,"1.2","0.2"
"1304",2,4,0,4,5,"2.5","0.5"
"1618",1,2,0,2,3,"1.3","0.3"
"1563",1,2,0,2,2,"1.2","0.2"
"2389",1,4,0,4,3,"1.3","0.5"
"2803",1,3,0,3,3,"1.3","0.5"
"623",1,3,1,3,4,"1.4","0.4"
"2703",1,2,0,2,1,"1.1","1.3"
"1900",1,3,0,3,2,"1.2","1.3"
"1603",1,2,0,2,1,"1.1","1.4"
"2272",2,1,0,1,1,"2.1","0.4"
"1813",1,2,0,2,2,"1.2","0.2"
"1282",1,2,0,2,2,"1.2","0.4"
"1482",1,2,0,2,2,"1.2","1.1"
"2289",1,1,0,1,3,"1.3","0.3"
"230",1,1,1,1,2,"1.2","0.5"
"1662",1,4,0,4,3,"1.3","0.3"
"2681",1,1,0,1,0,"1.0","1.2"
"2418",1,2,1,2,1,"1.1","0.2"
"033",1,2,0,2,0,"1.0","1.4"
"1958",1,4,0,4,5,"1.5","1.3"
"609",1,4,1,4,4,"1.4","1.4"
"2051",1,4,0,4,5,"1.5","0.5"
"1124",2,3,1,3,4,"2.4","1.4"
"951",1,3,0,3,2,"1.2","0.2"
"948",2,1,1,1,2,"2.2","1.2"
"906",2,1,0,1,0,"2.0","1.2"
"2378",2,3,1,3,3,"2.3","0.1"
"057",1,1,1,1,2,"1.2","1.2"
"2178",1,1,1,1,0,"1.0","1.0"
"2591",1,3,0,3,4,"1.4","0.1"
"1307",1,2,0,2,2,"1.2","1.5"
"2720",1,3,0,3,3,"1.3","0.4"
"2645",1,4,0,4,4,"1.4","1.2"
"1153",1,3,1,3,4,"1.4","1.4"
"2107",1,1,1,1,1,"1.1","0.1"
"259",1,3,1,3,3,"1.3","1.3"
"229",1,4,0,4,5,"1.5","0.5"
"1192",1,2,0,2,3,"1.3","0.3"
"1893",2,2,0,2,3,"2.3","0.0"
"061",1,3,0,3,2,"1.2","0.3"
"802",2,4,0,4,4,"2.4","1.5"
"1610",1,4,1,4,3,"1.3","0.4"
"2060",1,1,0,1,0,"1.0","0.5"
"2770",1,1,1,1,0,"1.0","0.2"
"736",2,2,0,2,3,"2.3","1.2"
"914",1,2,1,2,2,"1.2","1.2"
"2161",1,3,0,3,4,"1.4","0.4"
"2753",1,3,0,3,1,"1.1","1.2"
"2609",1,2,1,2,3,"1.3","0.5"
"2292",1,2,1,2,2,"1.2","0.5"
"2438",2,4,0,4,4,"2.4","0.6"
"1950",1,1,0,1,3,"1.3","0.3"
"1065",1,2,1,2,3,"1.3","0.2"
"1296",1,1,1,1,2,"1.2","1.4"
"2173",1,4,1,4,4,"1.4","0.3"
"2035",1,3,1,3,2,"1.2","0.4"
"1703",1,4,1,4,4,"1.4","1.4"
"774",1,2,0,2,3,"1.3","1.5"
"1550",1,3,0,3,3,"1.3","1.3"
"832",1,1,1,1,0,"1.0","1.3"
"2724",1,2,0,2,3,"1.3","0.3"
"1311",2,4,1,4,5,"2.5","1.5"
"2277",1,3,1,3,1,"1.1","1.1"
"969",1,1,0,1,3,"1.3","1.2"
"1343",1,4,0,4,3,"1.3","0.3"
"2559",1,2,0,2,2,"1.2","0.2"
"905",1,2,1,2,2,"1.2","1.2"
"2315",1,3,0,3,4,"1.4","1.3"
"704",1,3,0,3,1,"1.1","1.4"
"1439",1,3,1,3,4,"1.4","1.3"
"1819",1,3,1,3,4,"1.4","0.2"
"1948",2,1,1,1,1,"2.1","1.1"
"2920",1,2,0,2,1,"1.1","0.1"
"1949",2,2,0,2,2,"2.2","0.2"
"428",2,2,0,2,3,"2.3","0.2"
"1911",1,2,0,2,3,"1.3","0.3"
"2710",1,3,0,3,4,"1.4","0.4"
"484",1,3,1,3,2,"1.2","0.5"
"2822",2,2,1,2,2,"2.2","1.1"
"2497",2,1,1,1,3,"2.3","1.5"
"2259",2,4,1,4,5,"2.5","1.5"
"890",1,2,0,2,4,"1.4","0.6"
"1116",1,4,0,4,2,"1.2","0.2"
"2214",1,1,0,1,0,"1.0","0.0"
"876",1,2,0,2,3,"1.3","0.3"
"674",1,4,0,4,3,"1.3","0.3"
"453",2,1,1,1,2,"2.2","1.2"
"2993",2,3,0,3,3,"2.3","0.1"
"2677",1,4,0,4,6,"1.6","1.0"
"097",1,2,0,2,1,"1.1","0.1"
"087",1,1,0,1,1,"1.1","1.3"
"1263",2,1,1,1,3,"2.3","0.5"
"755",1,4,0,4,4,"1.4","0.4"
"660",1,4,0,4,5,"1.5","0.5"
"771",1,4,1,4,3,"1.3","0.5"
"285",1,1,1,1,2,"1.2","0.3"
"1249",2,4,1,4,5,"2.5","1.5"
"2783",1,2,0,2,2,"1.2","0.6"
"2138",2,4,0,4,5,"2.5","0.5"
"2030",1,2,0,2,0,"1.0","1.2"
"1149",1,2,1,2,1,"1.1","1.1"
"2765",1,1,1,1,0,"1.0","1.3"
"435",1,1,0,1,2,"1.2","0.2"
"1339",2,2,0,2,4,"2.4","0.4"
"1163",1,2,0,2,4,"1.4","0.4"
"362",1,3,0,3,4,"1.4","1.4"
"425",1,1,1,1,3,"1.3","1.4"
"556",2,4,1,4,5,"2.5","0.4"
"1005",1,3,0,3,2,"1.2","0.2"
"130",2,4,0,4,6,"2.6","0.6"
"597",1,2,1,2,1,"1.1","1.3"
"1339",2,2,0,2,4,"2.4","1.2"
"1700",1,4,0,4,5,"1.5","1.3"
"1696",1,2,1,2,2,"1.2","1.2"
"1334",1,2,0,2,2,"1.2","1.4"
"2018",1,3,0,3,2,"1.2","0.2"
"2507",2,2,0,2,1,"2.1","0.5"
"2140",1,1,0,1,2,"1.2","0.2"
"2285",1,3,1,3,4,"1.4","1.4"
"2718",1,1,1,1,2,"1.2","1.2"
"1579",1,2,0,2,2,"1.2","0.2"
"669",1,2,0,2,4,"1.4","0.4"
"1103",1,3,0,3,2,"1.2","0.2"
"239",2,2,0,2,4,"2.4","0.4"
"2062",2,1,0,1,2,"2.2","1.5"
"2197",2,2,0,2,3,"2.3","0.3"
"705",2,1,1,1,2,"2.2","0.1"
"2660",1,1,0,1,0,"1.0","0.0"
"2790",2,2,1,2,3,"2.3","1.3"
"739",1,4,0,4,4,"1.4","0.4"
"1154",1,1,0,1,0,"1.0","0.0"
"1062",1,3,0,3,3,"1.3","0.6"
"689",1,2,0,2,3,"1.3","0.3"
"233",1,1,0,1,2,"1.2","0.2"
"1402",2,3,1,3,5,"2.5","0.4"
"1657",1,1,0,1,2,"1.2","0.2"
"2930",1,4,1,4,6,"1.6","1.2"
"414",2,4,1,4,4,"2.4","1.2"
"909",1,2,0,2,3,"1.3","0.0"
"1784",1,4,1,4,5,"1.5","1.5"
"068",1,3,0,3,3,"1.3","0.3"
"2473",2,3,0,3,5,"2.5","0.5"
"291",1,3,0,3,4,"1.4","1.5"
"2745",1,1,1,1,2,"1.2","1.2"
"2698",1,3,1,3,4,"1.4","1.5"
"019",1,4,0,4,4,"1.4","0.4"
"1810",1,1,1,1,1,"1.1","1.1"
"2039",1,3,0,3,3,"1.3","0.3"
"1634",1,4,0,4,5,"1.5","0.5"
"798",2,1,1,1,1,"2.1","1.1"
"969",1,1,0,1,3,"1.3","0.3"
"2797",2,1,0,1,3,"2.3","0.3"
"432",1,4,0,4,5,"1.5","0.5"
"2263",1,2,1,2,2,"1.2","0.4"
"1925",1,3,1,3,3,"1.3","1.6"
"669",1,2,0,2,4,"1.4","0.3"
"778",1,1,0,1,0,"1.0","1.6"
"673",1,2,0,2,3,"1.3","0.3"
"271",2,2,0,2,3,"2.3","1.2"
"1436",1,4,1,4,4,"1.4","1.4"
"1417",1,4,1,4,4,"1.4","1.3"
"359",1,4,1,4,5,"1.5","0.4"
"2423",1,2,0,2,3,"1.3","0.3"
"723",1,2,1,2,0,"1.0","0.5"
"2848",2,2,0,2,4,"2.4","0.6"
"1057",2,3,0,3,5,"2.5","1.4"
"184",1,4,1,4,4,"1.4","1.5"
"332",1,4,1,4,4,"1.4","1.2"
"871",1,1,0,1,2,"1.2","0.2"
"2435",1,2,1,2,2,"1.2","1.2"
"1231",1,1,1,1,2,"1.2","1.2"
"2830",2,3,0,3,4,"2.4","1.1"
"2313",2,4,1,4,5,"2.5","1.2"
"1000",1,3,1,3,3,"1.3","0.1"
"1946",1,4,1,4,5,"1.5","0.1"
"1982",1,2,0,2,1,"1.1","1.0"
"334",2,4,1,4,5,"2.5","0.1"
"1846",1,2,1,2,2,"1.2","1.2"
"1980",1,2,1,2,3,"1.3","0.1"
"1395",1,4,1,4,4,"1.4","1.4"
"2191",2,2,0,2,3,"2.3","0.3"
"2048",1,3,1,3,3,"1.3","1.3"
"1464",2,3,0,3,4,"2.4","0.4"
"1257",1,4,0,4,4,"1.4","1.5"
"548",2,3,1,3,5,"2.5","1.5"
"2414",2,2,1,2,3,"2.3","1.3"
"2986",1,4,0,4,4,"1.4","0.4"
"834",2,4,0,4,6,"2.6","1.5"
"147",1,1,0,1,0,"1.0","0.0"
"1651",2,1,1,1,1,"2.1","1.1"
"437",1,3,0,3,4,"1.4","0.2"
"2871",1,3,1,3,3,"1.3","1.3"
"2228",1,3,1,3,4,"1.4","1.4"
"2947",1,1,0,1,1,"1.1","1.4"
"2041",1,4,0,4,5,"1.5","1.6"
"2901",2,3,0,3,3,"2.3","0.3"
"2269",2,3,1,3,6,"2.6","1.6"
"184",1,4,1,4,4,"1.4","1.4"
"2132",2,1,0,1,0,"2.0","0.6"
"1140",1,2,1,2,2,"1.2","1.2"
"128",2,3,1,3,4,"2.4","0.5"
"573",2,1,1,1,2,"2.2","1.2"
"1675",1,2,1,2,3,"1.3","1.3"
"2394",1,2,0,2,1,"1.1","1.3"
"219",2,3,1,3,4,"2.4","1.2"
"2679",1,1,0,1,1,"1.1","0.3"
"2867",2,3,1,3,3,"2.3","1.3"
"221",1,1,0,1,0,"1.0","0.0"
"375",2,4,0,4,6,"2.6","0.6"
"1288",2,1,0,1,0,"2.0","1.1"
"1762",1,2,0,2,2,"1.2","0.2"
"1873",1,1,1,1,2,"1.2","1.2"
"1265",1,4,0,4,4,"1.4","0.5"
"2087",2,3,0,3,4,"2.4","0.4"
"031",1,3,0,3,2,"1.2","0.1"
"1264",2,3,0,3,5,"2.5","0.5"
"2045",2,3,1,3,5,"2.5","1.5"
"2829",1,2,1,2,1,"1.1","1.1"
"2983",2,1,0,1,5,"2.5","0.4"
"491",1,4,0,4,4,"1.4","0.4"
"1168",1,2,0,2,0,"1.0","0.2"
"877",2,2,1,2,3,"2.3","1.3"
"2756",1,4,1,4,5,"1.5","1.4"
"574",1,1,0,1,1,"1.1","1.2"
"346",1,4,0,4,0,"1.0","0.0"
"1523",2,3,1,3,4,"2.4","1.4"
"205",2,4,1,4,5,"2.5","1.4"
"1018",1,1,1,1,0,"1.0","0.5"
"536",1,1,1,1,1,"1.1","1.2"
"2928",1,2,0,2,3,"1.3","0.3"
"666",1,4,0,4,4,"1.4","1.3"
"1222",2,2,1,2,4,"2.4","0.2"
"1805",1,1,1,1,2,"1.2","1.2"
"2490",1,1,1,1,3,"1.3","1.3"
"1054",1,3,1,3,3,"1.3","1.3"
"2511",1,4,1,4,3,"1.3","1.6"
"2539",1,4,0,4,3,"1.3","0.2"
"1111",2,4,1,4,5,"2.5","1.5"
"550",1,1,0,1,2,"1.2","1.2"
"2282",1,3,0,3,2,"1.2","0.2"
"2606",2,4,1,4,2,"2.2","1.3"
"1471",1,3,1,3,2,"1.2","1.2"
"2939",1,3,1,3,4,"1.4","0.3"
"1793",1,3,1,3,3,"1.3","1.3"
"2164",1,4,0,4,5,"1.5","0.5"
"1940",1,3,0,3,2,"1.2","0.4"
"113",1,4,0,4,6,"1.6","0.6"
"227",1,1,1,1,1,"1.1","1.1"
"1998",1,1,1,1,2,"1.2","1.3"
"1763",2,4,1,4,7,"2.7","1.7"
"1049",2,2,1,2,4,"2.4","1.4"
"3000",1,4,0,4,3,"1.3","0.2"
"1692",1,2,0,2,2,"1.2","0.0"
"2827",2,2,0,2,3,"2.3","1.8"
"376",1,4,0,4,4,"1.4","0.6"
"1190",1,1,0,1,0,"1.0","0.0"
"307",1,4,0,4,4,"1.4","0.0"
"2057",1,2,0,2,2,"1.2","1.3"
"2949",1,4,0,4,5,"1.5","0.5"
"1455",2,3,0,3,4,"2.4","0.4"
"009",2,3,1,3,5,"2.5","1.5"
"2870",2,2,1,2,3,"2.3","1.3"
"2586",1,3,1,3,3,"1.3","1.2"
"632",1,3,0,3,2,"1.2","0.2"
"2327",2,4,1,4,3,"2.3","1.3"
"577",1,2,0,2,0,"1.0","0.0"
"413",1,3,1,3,2,"1.2","1.2"
"2586",1,3,1,3,3,"1.3","1.3"
"315",1,4,1,4,3,"1.3","0.1"
"680",2,4,1,4,4,"2.4","1.4"
"1866",1,1,0,1,1,"1.1","0.0"
"1319",1,3,1,3,3,"1.3","1.3"
"2969",1,1,0,1,1,"1.1","0.1"
"1716",1,1,0,1,0,"1.0","0.0"
"197",1,4,0,4,3,"1.3","0.3"
"446",1,3,0,3,1,"1.1","1.1"
"2946",2,4,1,4,4,"2.4","1.3"
"2840",1,1,0,1,1,"1.1","0.2"
"1211",1,4,0,4,5,"1.5","0.5"
"2401",1,4,0,4,3,"1.3","0.2"
"304",1,4,0,4,4,"1.4","0.4"
"168",2,3,0,3,3,"2.3","0.4"
"2653",1,2,1,2,1,"1.1","1.1"
"678",1,2,0,2,1,"1.1","1.3"
"789",1,3,1,3,3,"1.3","1.3"
"1958",1,4,0,4,5,"1.5","0.5"
"2983",2,1,0,1,5,"2.5","0.5"
"1383",2,1,1,1,1,"2.1","1.3"
"2686",2,3,1,3,3,"2.3","0.1"
"1781",1,2,1,2,4,"1.4","1.4"
"2654",1,2,0,2,2,"1.2","0.2"
"2150",2,4,1,4,5,"2.5","1.5"
"1784",1,4,1,4,5,"1.5","0.4"
"2519",1,2,1,2,1,"1.1","1.1"
"1293",1,3,1,3,3,"1.3","1.5"
"1988",1,2,0,2,3,"1.3","0.5"
"1381",1,2,0,2,1,"1.1","0.1"
"1739",1,1,1,1,1,"1.1","0.3"
"2327",2,4,1,4,3,"2.3","0.1"
"2596",2,3,1,3,5,"2.5","0.5"
"143",1,3,0,3,3,"1.3","0.3"
"2852",2,2,1,2,3,"2.3","0.4"
"514",2,2,1,2,3,"2.3","1.3"
"2590",1,2,0,2,1,"1.1","1.2"
"074",2,4,0,4,6,"2.6","1.5"
"105",1,3,0,3,3,"1.3","0.3"
"1357",1,4,1,4,4,"1.4","1.4"
"1230",2,1,0,1,2,"2.2","0.4"
"572",2,3,0,3,3,"2.3","0.0"
"507",1,3,1,3,2,"1.2","0.3"
"2349",1,4,0,4,4,"1.4","0.4"
"2655",2,4,1,4,5,"2.5","1.5"
"1101",2,4,1,4,5,"2.5","1.4"
"815",2,1,0,1,2,"2.2","0.2"
"1497",1,1,0,1,1,"1.1","1.4"
"2781",2,1,0,1,2,"2.2","0.5"
"2712",1,2,0,2,3,"1.3","0.2"
"2494",1,4,0,4,2,"1.2","0.2"
"2808",1,2,0,2,2,"1.2","1.2"
"490",1,1,0,1,0,"1.0","0.0"
"1477",1,4,1,4,4,"1.4","1.4"
"1653",1,2,0,2,1,"1.1","0.1"
"2163",1,1,0,1,1,"1.1","0.1"
"1628",1,1,1,1,0,"1.0","0.4"
"1143",2,2,0,2,3,"2.3","0.3"
"1465",2,3,1,3,4,"2.4","0.4"
"825",2,3,1,3,4,"2.4","0.1"
"731",1,2,1,2,2,"1.2","0.3"
"1512",1,3,0,3,3,"1.3","1.4"
"122",1,1,1,1,1,"1.1","0.2"
"2221",1,4,0,4,4,"1.4","0.4"
"882",1,4,0,4,4,"1.4","0.4"
"1027",1,1,0,1,2,"1.2","0.3"
"2270",2,1,0,1,2,"2.2","0.2"
"839",1,3,0,3,2,"1.2","0.2"
"1470",1,1,1,1,1,"1.1","1.1"
"519",1,4,0,4,5,"1.5","0.4"
"2356",2,2,1,2,2,"2.2","1.2"
"2864",2,1,0,1,3,"2.3","0.3"
"1955",1,3,0,3,2,"1.2","0.2"
"306",1,1,0,1,0,"1.0","0.1"
"243",1,3,1,3,4,"1.4","1.1"
"1460",2,1,1,1,1,"2.1","1.1"
"1209",1,1,0,1,1,"1.1","0.1"
"2542",1,4,0,4,4,"1.4","0.4"
"2536",1,2,0,2,3,"1.3","0.3"
"1820",1,4,0,4,5,"1.5","1.4"
"289",1,3,1,3,4,"1.4","1.4"
"1647",1,2,1,2,1,"1.1","0.5"
"1733",2,1,0,1,2,"2.2","0.2"
"1350",2,1,1,1,0,"2.0","0.2"
"2290",1,2,0,2,1,"1.1","0.1"
"751",2,2,1,2,4,"2.4","1.3"
"2717",2,2,1,2,2,"2.2","1.2"
"1792",2,1,1,1,1,"2.1","1.1"
"424",2,1,1,1,4,"2.4","0.2"
"2024",1,3,0,3,4,"1.4","0.4"
"2590",1,2,0,2,1,"1.1","0.1"
"2000",1,3,1,3,4,"1.4","0.1"
"1774",1,2,1,2,1,"1.1","1.1"
"2444",1,4,0,4,4,"1.4","0.1"
"466",1,1,1,1,4,"1.4","1.4"
"2639",1,2,0,2,3,"1.3","1.1"
"1009",1,3,0,3,3,"1.3","1.3"
"1965",1,3,1,3,3,"1.3","1.3"
"2895",1,3,0,3,3,"1.3","0.3"
"2592",1,1,1,1,0,"1.0","1.0"
"367",1,3,0,3,3,"1.3","0.3"
"2630",2,2,1,2,3,"2.3","1.3"
"1497",1,1,0,1,1,"1.1","0.1"
"787",1,4,0,4,5,"1.5","0.1"
"089",2,1,0,1,4,"2.4","1.0"
"2553",2,3,0,3,5,"2.5","0.5"
"1522",1,3,1,3,4,"1.4","1.1"
"1302",2,1,1,1,2,"2.2","0.4"
"714",1,2,0,2,3,"1.3","0.3"
"2199",2,1,1,1,2,"2.2","1.2"
"576",1,4,0,4,5,"1.5","0.5"
"051",1,3,0,3,3,"1.3","0.2"
"1715",1,1,0,1,0,"1.0","1.4"
"1334",1,2,0,2,2,"1.2","0.2"
"1615",2,4,0,4,6,"2.6","0.6"
"2842",1,4,1,4,4,"1.4","1.1"
"738",1,3,1,3,4,"1.4","1.4"
"171",1,4,1,4,2,"1.2","0.3"
"519",1,4,0,4,5,"1.5","0.5"
"1923",1,2,0,2,1,"1.1","0.1"
"2673",2,3,1,3,3,"2.3","1.4"
"2551",1,4,1,4,3,"1.3","1.2"
"140",1,4,1,4,6,"1.6","1.0"
"1746",1,4,0,4,6,"1.6","0.6"
"1838",1,4,0,4,5,"1.5","0.5"
"186",1,4,1,4,5,"1.5","0.1"
"1256",1,4,1,4,5,"1.5","1.5"
"2719",1,3,0,3,4,"1.4","0.4"
"835",2,4,1,4,6,"2.6","0.6"
"1104",1,2,1,2,3,"1.3","1.3"
"253",1,1,1,1,1,"1.1","1.1"
"1756",2,3,0,3,4,"2.4","0.4"
"1092",1,4,0,4,4,"1.4","0.4"
"2342",1,1,0,1,1,"1.1","0.1"
"694",1,1,0,1,0,"1.0","0.0"
"1675",1,2,1,2,3,"1.3","0.2"
"1338",2,2,1,2,2,"2.2","1.0"
"1822",1,4,1,4,3,"1.3","1.4"
"2097",1,1,0,1,1,"1.1","0.1"
"2254",2,2,0,2,3,"2.3","0.5"
"649",2,4,1,4,4,"2.4","0.1"
"2683",1,2,0,2,2,"1.2","0.2"
"1636",1,2,0,2,2,"1.2","0.2"
"2974",2,4,1,4,6,"2.6","1.6"
"2548",1,1,0,1,2,"1.2","0.2"
"663",1,4,0,4,3,"1.3","1.4"
"1648",1,2,0,2,1,"1.1","0.1"
"1895",2,2,0,2,0,"2.0","0.3"
"766",1,1,0,1,0,"1.0","0.0"
"1554",1,1,0,1,2,"1.2","1.1"
"2598",1,1,1,1,2,"1.2","1.5"
"920",1,3,0,3,3,"1.3","0.3"
"2011",1,1,1,1,1,"1.1","1.1"
"2426",1,3,0,3,3,"1.3","0.3"
"1865",1,1,0,1,0,"1.0","0.0"
"1524",1,4,0,4,3,"1.3","1.4"
"2221",1,4,0,4,4,"1.4","0.0"
"2146",2,2,0,2,3,"2.3","0.3"
"924",1,4,0,4,3,"1.3","1.1"
"203",2,2,1,2,3,"2.3","0.2"
"1601",2,2,1,2,2,"2.2","1.2"
"1453",1,1,0,1,1,"1.1","0.1"
"1625",1,1,0,1,1,"1.1","0.3"
"498",1,2,1,2,2,"1.2","0.4"
"986",1,2,1,2,0,"1.0","1.0"
"984",1,4,0,4,4,"1.4","1.5"
"2915",1,4,0,4,5,"1.5","0.5"
"1336",1,3,0,3,4,"1.4","1.4"
"1788",1,1,0,1,0,"1.0","1.1"
"1293",1,3,1,3,3,"1.3","1.3"
"650",1,1,0,1,2,"1.2","1.4"
"2353",1,1,0,1,2,"1.2","0.1"
"2791",1,3,0,3,2,"1.2","1.3"
"1655",1,2,1,2,1,"1.1","1.1"
"987",1,1,0,1,0,"1.0","1.0"
"1680",2,4,0,4,6,"2.6","0.6"
"2033",2,4,0,4,5,"2.5","0.5"
"1305",2,4,1,4,3,"2.3","1.3"
"880",1,4,1,4,5,"1.5","1.5"
"1327",2,1,1,1,1,"2.1","1.6"
"813",2,2,0,2,2,"2.2","0.2"
"2040",2,3,1,3,6,"2.6","0.3"
"878",1,1,1,1,3,"1.3","1.3"
"1005",1,3,0,3,2,"1.2","0.3"
"768",2,4,1,4,5,"2.5","1.3"
"1584",1,3,0,3,4,"1.4","0.4"
"2447",1,2,0,2,2,"1.2","0.2"
"1573",1,1,1,1,0,"1.0","1.0"
"2373",1,2,0,2,3,"1.3","0.1"
"912",2,2,1,2,4,"2.4","1.4"
"1457",2,3,1,3,4,"2.4","1.4"
"1399",1,2,1,2,3,"1.3","1.3"
"809",1,2,0,2,1,"1.1","0.1"
"529",1,1,0,1,0,"1.0","0.3"
"749",1,4,1,4,4,"1.4","1.4"
"152",1,4,1,4,5,"1.5","0.2"
"799",1,2,1,2,1,"1.1","1.1"
"1041",2,4,1,4,5,"2.5","0.4"
"063",1,2,0,2,0,"1.0","0.3"
"231",2,2,1,2,3,"2.3","1.2"
"332",1,4,1,4,4,"1.4","1.4"
"1351",1,1,1,1,0,"1.0","1.0"
"2341",1,2,0,2,4,"1.4","1.3"
"772",2,1,1,1,3,"2.3","1.3"
"2241",1,1,0,1,2,"1.2","0.2"
"2967",2,1,1,1,1,"2.1","0.2"
"1595",2,2,1,2,1,"2.1","1.1"
"1657",1,1,0,1,2,"1.2","1.3"
"1469",1,1,1,1,1,"1.1","1.2"
"2363",1,3,1,3,4,"1.4","1.4"
"1870",1,2,1,2,2,"1.2","0.0"
"2802",2,4,0,4,5,"2.5","0.5"
"1173",1,4,0,4,4,"1.4","0.3"
"2239",2,3,0,3,3,"2.3","0.3"
"526",1,3,1,3,3,"1.3","1.6"
"652",1,3,0,3,3,"1.3","0.2"
"1504",1,3,0,3,1,"1.1","0.1"
"990",2,2,1,2,4,"2.4","0.2"
"737",1,4,0,4,6,"1.6","0.6"
"2957",2,3,1,3,4,"2.4","1.3"
"265",1,4,1,4,4,"1.4","1.6"
"237",1,2,1,2,3,"1.3","0.4"
"2868",1,2,1,2,3,"1.3","1.3"
"2931",2,1,0,1,0,"2.0","1.6"
"729",2,2,1,2,4,"2.4","1.4"
"477",1,3,0,3,3,"1.3","1.3"
"2174",1,3,0,3,4,"1.4","0.4"
"1954",1,1,1,1,0,"1.0","0.2"
"2880",1,4,0,4,4,"1.4","0.4"
"099",1,3,1,3,4,"1.4","0.1"
"2602",1,1,0,1,3,"1.3","1.1"
"1054",1,3,1,3,3,"1.3","0.3"
"2427",1,4,0,4,4,"1.4","0.4"
"945",2,2,0,2,3,"2.3","0.3"
"2061",1,4,1,4,5,"1.5","1.5"
"2494",1,4,0,4,2,"1.2","1.0"
"2038",1,1,0,1,2,"1.2","0.2"
"1535",1,3,0,3,4,"1.4","1.2"
"1199",1,3,1,3,5,"1.5","0.4"
"985",2,1,1,1,2,"2.2","1.2"
"1907",1,4,0,4,4,"1.4","0.4"
"222",1,4,0,4,3,"1.3","0.3"
"347",1,3,1,3,4,"1.4","1.4"
"527",1,4,1,4,3,"1.3","1.3"
"170",1,2,0,2,3,"1.3","0.3"
"1895",2,2,0,2,0,"2.0","0.0"
"2788",1,4,1,4,5,"1.5","1.5"
"2361",1,4,1,4,4,"1.4","0.2"
"2604",1,1,0,1,1,"1.1","0.0"
"562",1,3,0,3,2,"1.2","0.2"
"458",2,3,1,3,4,"2.4","0.4"
"1195",1,2,0,2,3,"1.3","1.4"
"1412",1,3,1,3,4,"1.4","1.4"
"2549",1,3,1,3,5,"1.5","0.2"
"1311",2,4,1,4,5,"2.5","0.2"
"510",1,3,1,3,4,"1.4","1.0"
"1471",1,3,1,3,2,"1.2","1.1"
"127",2,4,0,4,5,"2.5","0.3"
"212",1,3,0,3,3,"1.3","0.3"
"167",2,3,0,3,4,"2.4","0.4"
"045",1,3,0,3,4,"1.4","0.3"
"1796",2,2,1,2,3,"2.3","0.1"
"245",1,2,0,2,1,"1.1","0.1"
"2958",1,1,1,1,1,"1.1","1.4"
"029",1,2,0,2,3,"1.3","1.5"
"899",1,2,1,2,0,"1.0","1.3"
"094",1,3,0,3,1,"1.1","0.2"
"1925",1,3,1,3,3,"1.3","1.3"
"2037",2,3,0,3,4,"2.4","0.4"
"059",1,3,1,3,3,"1.3","1.4"
"930",1,4,0,4,5,"1.5","0.4"
"1302",2,1,1,1,2,"2.2","1.2"
"703",2,3,1,3,4,"2.4","0.3"
"797",2,3,0,3,4,"2.4","0.4"
"2863",2,2,0,2,3,"2.3","1.3"
"2864",2,1,0,1,3,"2.3","0.3"
"1308",1,1,0,1,0,"1.0","0.0"
"1498",1,4,0,4,4,"1.4","0.1"
"1213",1,4,0,4,4,"1.4","0.4"
"2268",1,2,0,2,3,"1.3","0.2"
"420",2,1,1,1,3,"2.3","1.3"
"1262",1,4,0,4,5,"1.5","0.5"
"1501",1,3,0,3,3,"1.3","0.6"
"1328",1,3,0,3,3,"1.3","0.3"
"511",2,3,0,3,5,"2.5","0.5"
"613",1,3,1,3,4,"1.4","1.4"
"2236",1,1,0,1,4,"1.4","0.4"
"2640",1,2,0,2,2,"1.2","0.3"
"657",1,4,1,4,5,"1.5","1.5"
"257",1,1,0,1,1,"1.1","0.2"
"553",1,1,1,1,0,"1.0","0.1"
"2828",1,4,1,4,5,"1.5","0.3"
"1445",2,1,1,1,0,"2.0","1.0"
"125",1,3,1,3,4,"1.4","1.3"
"2658",1,2,1,2,3,"1.3","0.3"
"2631",2,2,0,2,3,"2.3","0.3"
"1205",1,3,1,3,3,"1.3","1.3"
"968",1,2,1,2,2,"1.2","0.1"
"683",2,1,1,1,4,"2.4","0.3"
"1787",1,1,1,1,1,"1.1","1.3"
"1246",1,4,1,4,4,"1.4","1.4"
"2930",1,4,1,4,6,"1.6","1.6"
"634",1,4,0,4,2,"1.2","0.3"
"270",2,1,1,1,2,"2.2","1.4"
"2496",2,4,1,4,5,"2.5","1.1"
"2650",1,1,1,1,0,"1.0","1.0"
"960",1,4,1,4,5,"1.5","1.5"
"2990",1,4,1,4,4,"1.4","0.1"
"123",2,1,1,1,3,"2.3","1.1"
"2432",1,1,0,1,2,"1.2","0.2"
"2227",2,4,0,4,6,"2.6","0.6"
"2152",2,2,1,2,3,"2.3","1.4"
"1587",1,3,1,3,3,"1.3","0.2"
"2743",1,1,0,1,2,"1.2","0.2"
"1879",2,4,0,4,7,"2.7","0.7"
"303",1,3,0,3,4,"1.4","0.4"
"2188",2,2,1,2,2,"2.2","1.2"
"2461",1,4,1,4,5,"1.5","1.1"
"2287",2,2,0,2,2,"2.2","0.2"
"647",1,1,0,1,2,"1.2","0.4"
"352",2,1,1,1,1,"2.1","1.1"
"1089",2,1,1,1,2,"2.2","1.2"
"1114",1,1,1,1,2,"1.2","1.2"
"591",2,2,1,2,4,"2.4","1.4"
"048",2,3,1,3,2,"2.2","0.6"
"2966",1,2,0,2,2,"1.2","0.2"
"2932",1,1,0,1,1,"1.1","0.0"
"2211",1,3,0,3,2,"1.2","0.1"
"1424",1,1,0,1,1,"1.1","0.1"
"2364",1,4,0,4,4,"1.4","0.4"
"2376",1,1,0,1,0,"1.0","0.5"
"1564",1,2,1,2,3,"1.3","1.3"
"1749",1,1,1,1,1,"1.1","1.1"
"370",1,4,1,4,3,"1.3","1.4"
"371",1,1,0,1,0,"1.0","1.3"
"520",1,1,0,1,1,"1.1","0.1"
"2391",1,2,0,2,2,"1.2","0.2"
"2429",1,3,1,3,4,"1.4","1.4"
"1809",1,3,1,3,3,"1.3","1.2"
"103",1,4,0,4,4,"1.4","1.3"
"1429",1,2,0,2,4,"1.4","0.4"
"1020",1,1,1,1,0,"1.0","0.1"
"824",1,2,0,2,1,"1.1","0.1"
"2415",1,2,0,2,0,"1.0","0.0"
"1176",2,4,1,4,6,"2.6","0.3"
"1051",1,1,1,1,0,"1.0","1.0"
"2032",1,2,1,2,2,"1.2","0.2"
"2569",2,3,1,3,3,"2.3","0.3"
"1741",2,4,1,4,5,"2.5","0.2"
"301",1,4,1,4,3,"1.3","1.4"
"2281",2,2,0,2,2,"2.2","0.2"
"454",2,3,0,3,4,"2.4","1.2"
"1135",2,2,1,2,4,"2.4","1.4"
"1658",1,1,0,1,0,"1.0","0.2"
"2367",1,3,1,3,3,"1.3","1.4"
"044",1,3,0,3,3,"1.3","0.3"
"1556",1,3,1,3,2,"1.2","1.4"
"1395",1,4,1,4,4,"1.4","0.3"
"2159",1,1,0,1,0,"1.0","0.0"
"1118",1,4,1,4,6,"1.6","1.6"
"1836",1,3,1,3,4,"1.4","1.4"
"2818",1,1,0,1,0,"1.0","0.0"
"2251",1,1,1,1,3,"1.3","1.3"
"2936",1,2,1,2,1,"1.1","0.4"
"230",1,1,1,1,2,"1.2","1.2"
"2973",1,4,1,4,4,"1.4","1.4"
"2895",1,3,0,3,3,"1.3","0.4"
"2103",1,4,0,4,5,"1.5","0.5"
"744",1,2,0,2,0,"1.0","0.0"
"1053",1,2,0,2,3,"1.3","0.3"
"1166",1,4,0,4,5,"1.5","0.5"
"1929",1,3,1,3,2,"1.2","0.3"
"349",1,2,0,2,5,"1.5","0.5"
"284",2,2,0,2,3,"2.3","0.3"
"1116",1,4,0,4,2,"1.2","0.2"
"1794",1,4,0,4,4,"1.4","0.4"
"1437",1,2,0,2,2,"1.2","1.4"
"2212",1,3,0,3,4,"1.4","0.4"
"1048",1,3,0,3,2,"1.2","0.2"
"1739",1,1,1,1,1,"1.1","1.1"
"1141",1,4,1,4,4,"1.4","1.2"
"644",2,4,0,4,6,"2.6","0.5"
"1045",1,1,0,1,2,"1.2","0.2"
"2599",1,2,0,2,1,"1.1","1.2"
"1718",1,3,0,3,4,"1.4","0.4"
"2626",1,2,0,2,3,"1.3","0.4"
"270",2,1,1,1,2,"2.2","1.2"
"213",2,3,1,3,4,"2.4","0.3"
"365",1,2,0,2,2,"1.2","0.2"
"1237",2,4,1,4,6,"2.6","0.1"
"2256",2,3,1,3,2,"2.2","1.2"
"785",1,2,0,2,4,"1.4","0.4"
"1791",1,1,0,1,0,"1.0","0.0"
"486",1,3,0,3,4,"1.4","0.3"
"423",1,2,0,2,2,"1.2","0.2"
"2470",2,2,1,2,3,"2.3","1.3"
"937",1,2,0,2,3,"1.3","0.2"
"1275",2,3,1,3,3,"2.3","1.3"
"1513",1,2,1,2,2,"1.2","0.3"
"268",2,2,1,2,4,"2.4","1.6"
"2481",1,3,1,3,3,"1.3","1.3"
"2702",1,4,1,4,3,"1.3","1.3"
"826",2,2,1,2,5,"2.5","1.4"
"891",1,3,1,3,4,"1.4","0.4"
"2375",2,3,0,3,5,"2.5","0.5"
"2524",1,4,0,4,3,"1.3","0.3"
"2274",1,3,0,3,2,"1.2","0.0"
"2490",1,1,1,1,3,"1.3","1.1"
"1322",2,3,1,3,6,"2.6","1.6"
"2862",2,1,1,1,3,"2.3","0.0"
"1926",2,3,1,3,4,"2.4","1.3"
"2120",1,2,0,2,1,"1.1","0.1"
"2581",1,2,0,2,2,"1.2","0.2"
"192",1,2,0,2,4,"1.4","0.3"
"2089",1,2,0,2,2,"1.2","0.2"
"2004",1,2,0,2,2,"1.2","0.5"
"1478",2,4,0,4,5,"2.5","1.4"
"1493",2,3,0,3,3,"2.3","0.3"
"658",1,4,0,4,4,"1.4","1.5"
"2260",1,4,0,4,2,"1.2","1.5"
"218",1,2,1,2,2,"1.2","0.5"
"2848",2,2,0,2,4,"2.4","0.4"
"2516",2,3,0,3,3,"2.3","0.3"
"015",1,4,0,4,3,"1.3","0.3"
"1494",1,2,0,2,3,"1.3","0.3"
"1615",2,4,0,4,6,"2.6","1.1"
"2583",1,3,0,3,3,"1.3","0.2"
"417",1,3,1,3,3,"1.3","1.3"
"794",1,3,0,3,2,"1.2","0.5"
"2865",2,2,0,2,0,"2.0","0.3"
"1463",2,4,0,4,7,"2.7","0.7"
"1227",1,2,0,2,0,"1.0","1.3"
"2340",1,2,1,2,3,"1.3","0.3"
"535",1,2,1,2,2,"1.2","0.3"
"268",2,2,1,2,4,"2.4","1.4"
"391",2,4,1,4,4,"2.4","1.4"
"2314",1,3,1,3,3,"1.3","1.3"
"2201",2,3,1,3,4,"2.4","0.0"
"366",1,3,0,3,3,"1.3","0.2"
"368",1,1,0,1,0,"1.0","0.3"
"285",1,1,1,1,2,"1.2","1.2"
"642",2,1,0,1,2,"2.2","0.6"
"445",1,2,1,2,1,"1.1","1.1"
"1802",2,1,0,1,2,"2.2","0.2"
"2078",2,1,1,1,1,"2.1","0.3"
"1181",1,1,1,1,0,"1.0","1.2"
"2680",1,3,1,3,2,"1.2","0.1"
"1588",2,4,0,4,6,"2.6","1.3"
"2617",1,2,0,2,3,"1.3","0.3"
"1361",1,2,0,2,3,"1.3","0.4"
"460",1,3,0,3,3,"1.3","0.3"
"214",1,3,0,3,3,"1.3","0.3"
"2059",2,4,0,4,5,"2.5","0.4"
"1971",1,1,0,1,0,"1.0","0.0"
"2578",2,2,0,2,2,"2.2","0.2"
"2017",1,1,0,1,1,"1.1","0.3"
"2926",1,2,1,2,1,"1.1","0.2"
"1285",2,1,1,1,0,"2.0","1.1"
"901",2,3,0,3,4,"2.4","0.4"
"676",1,3,1,3,4,"1.4","1.2"
"2602",1,1,0,1,3,"1.3","0.3"
"1666",2,1,0,1,2,"2.2","0.2"
"590",1,4,0,4,3,"1.3","0.3"
"1437",1,2,0,2,2,"1.2","0.2"
"2565",2,1,1,1,2,"2.2","0.2"
"2270",2,1,0,1,2,"2.2","1.6"
"1414",1,4,1,4,5,"1.5","1.5"
"1195",1,2,0,2,3,"1.3","0.3"
"351",2,2,0,2,4,"2.4","0.4"
"1486",1,2,0,2,4,"1.4","0.4"
"2172",1,2,0,2,3,"1.3","1.3"
"546",1,3,1,3,1,"1.1","0.4"
"2608",2,4,0,4,5,"2.5","0.1"
"2489",1,2,1,2,1,"1.1","1.0"
"1897",1,3,0,3,3,"1.3","0.3"
"1697",2,1,1,1,1,"2.1","1.2"
"2015",2,1,0,1,2,"2.2","0.2"
"2736",1,3,0,3,2,"1.2","0.2"
"1336",1,3,0,3,4,"1.4","0.4"
"723",1,2,1,2,0,"1.0","1.0"
"2583",1,3,0,3,3,"1.3","0.3"
"1926",2,3,1,3,4,"2.4","1.4"
"1066",1,1,1,1,0,"1.0","1.0"
"643",1,4,0,4,5,"1.5","0.2"
"2806",1,3,0,3,2,"1.2","0.2"
"302",1,3,1,3,3,"1.3","1.3"
"1243",1,4,1,4,5,"1.5","1.6"
"2173",1,4,1,4,4,"1.4","1.4"
"2899",1,3,0,3,4,"1.4","0.4"
"380",1,3,1,3,3,"1.3","0.1"
"1645",1,4,1,4,5,"1.5","1.5"
"1943",1,1,1,1,0,"1.0","0.3"
"2699",2,1,0,1,2,"2.2","1.4"
"461",2,4,1,4,4,"2.4","0.3"
"2529",1,3,1,3,3,"1.3","1.3"
"297",1,2,0,2,2,"1.2","0.2"
"2784",2,3,1,3,3,"2.3","0.2"
"2358",1,2,1,2,3,"1.3","1.4"
"1682",1,1,0,1,1,"1.1","1.4"
"1023",1,1,0,1,0,"1.0","0.0"
"1425",1,2,1,2,4,"1.4","1.4"
"931",1,1,0,1,1,"1.1","0.1"
"265",1,4,1,4,4,"1.4","1.4"
"2584",1,4,0,4,5,"1.5","0.5"
"492",1,2,0,2,3,"1.3","0.4"
"835",2,4,1,4,6,"2.6","1.6"
"622",1,3,0,3,4,"1.4","0.4"
"1320",1,2,0,2,2,"1.2","0.2"
"419",1,3,0,3,1,"1.1","0.1"
"662",1,3,1,3,4,"1.4","1.2"
"2066",1,1,0,1,1,"1.1","0.1"
"1254",2,2,0,2,4,"2.4","1.2"
"1405",1,1,0,1,0,"1.0","0.0"
"1026",1,4,0,4,3,"1.3","0.3"
"822",1,2,0,2,2,"1.2","0.2"
"1050",2,2,0,2,2,"2.2","0.2"
"2956",1,4,1,4,3,"1.3","0.0"
"1775",1,1,1,1,2,"1.2","1.2"
"064",1,1,1,1,1,"1.1","0.0"
"1163",1,2,0,2,4,"1.4","0.0"
"1077",2,3,1,3,4,"2.4","1.3"
"2867",2,3,1,3,3,"2.3","0.2"
"1687",1,3,0,3,3,"1.3","0.3"
"615",1,2,0,2,3,"1.3","0.3"
"3000",1,4,0,4,3,"1.3","0.3"
"395",1,4,0,4,3,"1.3","0.3"
"1172",1,2,0,2,3,"1.3","0.3"
"401",1,1,1,1,1,"1.1","1.1"
"810",1,4,0,4,2,"1.2","0.1"
"1480",2,4,1,4,6,"2.6","1.4"
"216",1,2,0,2,1,"1.1","0.1"
"1526",2,1,0,1,2,"2.2","0.5"
"1744",1,1,0,1,0,"1.0","0.0"
"770",1,4,0,4,5,"1.5","0.5"
"127",2,4,0,4,5,"2.5","0.5"
"1189",2,1,1,1,2,"2.2","1.2"
"1742",1,1,0,1,1,"1.1","1.5"
"2921",2,2,1,2,3,"2.3","1.3"
"1368",1,4,0,4,5,"1.5","0.4"
"1838",1,4,0,4,5,"1.5","0.0"
"1281",1,3,0,3,4,"1.4","0.4"
"2402",2,1,1,1,3,"2.3","1.3"
"2257",2,2,1,2,4,"2.4","1.4"
"2019",1,3,0,3,4,"1.4","0.4"
"2485",2,3,1,3,3,"2.3","1.3"
"1757",1,3,0,3,4,"1.4","0.4"
"910",2,1,1,1,2,"2.2","1.2"
"1748",1,4,0,4,4,"1.4","0.2"
"2846",2,1,1,1,2,"2.2","1.2"
"885",1,2,0,2,4,"1.4","1.1"
"2824",2,2,0,2,3,"2.3","0.3"
"2920",1,2,0,2,1,"1.1","1.3"
"2265",2,4,0,4,4,"2.4","1.1"
"2126",1,2,0,2,2,"1.2","0.2"
"2243",1,1,0,1,0,"1.0","0.0"
"1734",1,1,0,1,1,"1.1","0.2"
"1670",2,3,1,3,4,"2.4","1.4"
"2405",2,3,0,3,4,"2.4","1.1"
"2837",2,3,1,3,4,"2.4","1.4"
"1933",1,1,0,1,1,"1.1","0.1"
"364",1,3,0,3,4,"1.4","0.4"
"574",1,1,0,1,1,"1.1","0.1"
"740",2,2,1,2,4,"2.4","1.4"
"1828",1,1,0,1,2,"1.2","1.3"
"1378",1,2,0,2,4,"1.4","0.6"
"185",1,1,0,1,1,"1.1","1.4"
"2445",1,4,1,4,3,"1.3","0.4"
"887",2,2,0,2,4,"2.4","0.4"
"1753",1,2,0,2,2,"1.2","0.1"
"2179",1,1,0,1,1,"1.1","1.0"
"555",1,3,0,3,4,"1.4","0.4"
"2311",1,2,0,2,2,"1.2","0.4"
"2365",2,2,1,2,4,"2.4","0.4"
"1686",2,4,1,4,4,"2.4","0.2"
"014",1,3,0,3,3,"1.3","0.3"
"567",2,3,0,3,5,"2.5","0.5"
"1583",2,4,1,4,5,"2.5","0.2"
"2896",1,4,1,4,4,"1.4","0.3"
"905",1,2,1,2,2,"1.2","1.2"
"2247",2,2,1,2,2,"2.2","0.5"
"2170",1,4,1,4,5,"1.5","1.5"
"2119",1,3,0,3,4,"1.4","0.4"
"2916",2,4,0,4,4,"2.4","0.4"
"1404",1,4,0,4,5,"1.5","0.3"
"1446",1,3,1,3,2,"1.2","1.2"
"2896",1,4,1,4,4,"1.4","1.4"
"2621",2,4,0,4,4,"2.4","0.1"
"516",1,2,1,2,2,"1.2","0.3"
"244",2,4,1,4,2,"2.2","1.4"
"1060",1,2,1,2,1,"1.1","1.3"
"1696",1,2,1,2,2,"1.2","0.2"
"1835",1,1,0,1,0,"1.0","0.0"
"1612",1,4,1,4,4,"1.4","1.4"
"2085",1,3,0,3,3,"1.3","1.3"
"1975",1,1,0,1,2,"1.2","1.4"
"734",1,2,0,2,2,"1.2","0.2"
"059",1,3,1,3,3,"1.3","1.3"
"2286",2,1,0,1,2,"2.2","0.2"
"2128",2,3,0,3,6,"2.6","0.6"
"2059",2,4,0,4,5,"2.5","0.5"
"2547",1,4,0,4,5,"1.5","0.5"
"2324",2,3,0,3,5,"2.5","0.5"
"1012",2,3,0,3,4,"2.4","0.4"
"2018",1,3,0,3,2,"1.2","0.1"
"1401",1,3,0,3,4,"1.4","1.0"
"2371",2,1,1,1,2,"2.2","1.2"
"1122",1,3,1,3,4,"1.4","1.4"
"2325",1,3,1,3,4,"1.4","0.5"
"1568",1,3,1,3,3,"1.3","1.3"
"664",1,4,0,4,3,"1.3","0.3"
"1014",1,2,0,2,2,"1.2","0.3"
"703",2,3,1,3,4,"2.4","1.4"
"2097",1,1,0,1,1,"1.1","1.1"
"201",2,1,0,1,4,"2.4","1.2"
"1398",1,2,0,2,0,"1.0","0.0"
"250",2,4,0,4,5,"2.5","0.5"
"392",1,4,1,4,6,"1.6","1.4"
"446",1,3,0,3,1,"1.1","0.1"
"296",2,2,1,2,2,"2.2","1.2"
"2657",1,3,0,3,3,"1.3","0.1"
"862",1,4,0,4,4,"1.4","0.4"
"2276",1,4,1,4,4,"1.4","0.3"
"566",1,4,0,4,4,"1.4","0.3"
"1725",1,4,0,4,3,"1.3","0.3"
"433",1,2,1,2,3,"1.3","0.5"
"387",2,2,0,2,3,"2.3","0.4"
"2034",1,4,0,4,4,"1.4","0.4"
"2582",1,2,0,2,2,"1.2","0.2"
"2836",2,4,0,4,4,"2.4","0.4"
"616",1,1,0,1,0,"1.0","0.0"
"503",2,3,0,3,3,"2.3","0.1"
"620",1,4,0,4,2,"1.2","0.2"
"2579",1,1,0,1,1,"1.1","0.2"
"2674",1,1,1,1,1,"1.1","1.1"
"179",1,2,0,2,1,"1.1","0.3"
"504",2,2,1,2,4,"2.4","0.3"
"1787",1,1,1,1,1,"1.1","1.1"
"2347",1,3,0,3,2,"1.2","1.1"
"1330",1,3,0,3,3,"1.3","0.3"
"2915",1,4,0,4,5,"1.5","1.3"
"2571",2,1,0,1,1,"2.1","0.3"
"1944",1,1,0,1,1,"1.1","1.0"
"137",2,3,0,3,4,"2.4","0.4"
"1567",1,4,1,4,5,"1.5","1.5"
"494",2,1,1,1,2,"2.2","1.7"
"2064",1,1,0,1,2,"1.2","0.2"
"2975",2,3,1,3,2,"2.2","1.6"
"426",1,4,1,4,4,"1.4","1.3"
"578",2,4,1,4,5,"2.5","1.5"
"1664",1,1,0,1,1,"1.1","0.1"
"1598",1,1,0,1,2,"1.2","1.6"
"641",2,4,0,4,6,"2.6","0.6"
"1577",2,3,0,3,5,"2.5","1.1"
"930",1,4,0,4,5,"1.5","0.5"
"1113",2,2,1,2,3,"2.3","0.5"
"2616",1,1,0,1,2,"1.2","0.2"
"1326",2,4,1,4,6,"2.6","1.6"
"2307",1,3,0,3,3,"1.3","0.3"
"169",2,4,1,4,3,"2.3","0.3"
"1974",2,4,1,4,4,"2.4","1.2"
"719",1,3,0,3,2,"1.2","1.4"
"2594",2,4,0,4,5,"2.5","0.5"
"829",2,2,0,2,3,"2.3","0.3"
"692",1,2,1,2,1,"1.1","1.1"
"1853",2,4,1,4,6,"2.6","1.3"
"409",1,2,1,2,4,"1.4","1.4"
"384",1,4,0,4,3,"1.3","0.4"
"480",1,3,1,3,4,"1.4","1.3"
"1061",1,4,0,4,6,"1.6","1.1"
"1793",1,3,1,3,3,"1.3","1.1"
"2697",2,3,1,3,5,"2.5","0.1"
"415",1,3,0,3,2,"1.2","0.2"
"489",1,2,1,2,1,"1.1","1.0"
"2114",2,1,1,1,2,"2.2","1.2"
"1019",1,2,0,2,1,"1.1","0.1"
"2694",2,4,1,4,6,"2.6","1.7"
"1217",1,2,0,2,2,"1.2","1.4"
"1825",1,2,1,2,1,"1.1","1.1"
"037",1,2,1,2,3,"1.3","1.2"
"1559",1,1,0,1,4,"1.4","1.0"
"016",2,1,1,1,0,"2.0","1.0"
"343",1,4,0,4,3,"1.3","0.3"
"1504",1,3,0,3,1,"1.1","0.1"
"1951",1,3,1,3,3,"1.3","1.3"
"2203",1,2,0,2,2,"1.2","1.2"
"708",1,1,1,1,2,"1.2","0.4"
"781",1,2,0,2,1,"1.1","0.1"
"141",1,4,0,4,5,"1.5","1.6"
"225",1,4,0,4,4,"1.4","0.1"
"2969",1,1,0,1,1,"1.1","1.4"
"1008",2,3,1,3,3,"2.3","1.3"
"233",1,1,0,1,2,"1.2","0.3"
"2246",2,2,0,2,5,"2.5","0.5"
"1443",1,1,0,1,1,"1.1","0.1"
"2219",1,1,0,1,2,"1.2","0.2"
"933",1,2,1,2,1,"1.1","1.1"
"1877",1,1,0,1,0,"1.0","0.0"
"2782",2,3,0,3,6,"2.6","0.2"
"1934",2,2,0,2,3,"2.3","0.1"
"1722",1,2,1,2,2,"1.2","0.4"
"2676",1,1,1,1,0,"1.0","1.0"
"1261",2,2,1,2,2,"2.2","1.2"
"1202",2,2,1,2,2,"2.2","1.2"
"557",1,4,0,4,4,"1.4","1.5"
"2105",2,2,0,2,4,"2.4","0.4"
"2009",1,2,0,2,3,"1.3","0.3"
"1521",1,1,1,1,1,"1.1","1.1"
"289",1,3,1,3,4,"1.4","0.5"
"483",2,4,0,4,5,"2.5","0.5"
"2092",1,4,0,4,5,"1.5","0.5"
"2934",1,2,0,2,3,"1.3","1.2"
"571",1,1,0,1,0,"1.0","0.3"
"155",2,3,1,3,3,"2.3","0.4"
"1110",1,3,0,3,3,"1.3","1.2"
"2428",1,4,0,4,2,"1.2","0.2"
"1150",2,4,0,4,5,"2.5","1.1"
"2129",1,3,1,3,3,"1.3","1.3"
"316",2,2,0,2,3,"2.3","1.3"
"1169",2,3,0,3,4,"2.4","0.0"
"2757",1,1,0,1,2,"1.2","1.5"
"010",1,3,1,3,1,"1.1","1.5"
"1415",2,3,1,3,3,"2.3","1.3"
"183",1,3,1,3,5,"1.5","0.6"
"1390",1,2,1,2,2,"1.2","1.0"
"2584",1,4,0,4,5,"1.5","0.3"
"1013",1,2,0,2,3,"1.3","0.4"
"2501",2,1,0,1,2,"2.2","0.2"
"1502",1,2,0,2,2,"1.2","0.3"
"1500",1,4,0,4,6,"1.6","0.4"
"2620",1,2,0,2,1,"1.1","0.1"
"763",1,4,1,4,5,"1.5","1.5"
"005",2,4,1,4,7,"2.7","1.7"
"2696",1,1,0,1,1,"1.1","0.1"
"017",1,4,1,4,5,"1.5","1.0"
"2976",1,2,0,2,1,"1.1","1.2"
"2659",1,4,0,4,5,"1.5","0.5"
"322",1,1,0,1,0,"1.0","0.0"
"1421",2,4,1,4,5,"2.5","1.5"
"542",1,3,0,3,4,"1.4","0.1"
"1191",2,2,0,2,4,"2.4","0.4"
"2348",2,1,0,1,0,"2.0","0.0"
"516",1,2,1,2,2,"1.2","1.2"
"751",2,2,1,2,4,"2.4","1.4"
"1573",1,1,1,1,0,"1.0","0.2"
"600",2,1,0,1,2,"2.2","0.5"
"1542",1,1,1,1,0,"1.0","1.0"
"2683",1,2,0,2,2,"1.2","0.4"
"2105",2,2,0,2,4,"2.4","0.1"
"213",2,3,1,3,4,"2.4","1.4"
"2731",1,4,1,4,3,"1.3","1.4"
"2912",1,2,0,2,3,"1.3","0.3"
"2062",2,1,0,1,2,"2.2","0.2"
"1592",2,3,0,3,5,"2.5","0.3"
"962",1,3,1,3,2,"1.2","1.2"
"610",2,1,1,1,1,"2.1","1.1"
"180",2,4,1,4,5,"2.5","1.5"
"173",1,3,0,3,2,"1.2","0.2"
"2830",2,3,0,3,4,"2.4","0.4"
"1448",2,3,1,3,3,"2.3","0.2"
"939",1,3,1,3,2,"1.2","0.1"
"1148",2,4,0,4,5,"2.5","0.5"
"2985",2,2,0,2,2,"2.2","0.2"
"1943",1,1,1,1,0,"1.0","1.0"
"445",1,2,1,2,1,"1.1","0.2"
"266",1,2,1,2,2,"1.2","1.2"
"730",1,4,0,4,3,"1.3","0.3"
"688",2,3,1,3,4,"2.4","1.4"
"562",1,3,0,3,2,"1.2","0.3"
"1596",1,4,0,4,5,"1.5","1.1"
"2716",1,1,0,1,1,"1.1","0.1"
"182",1,4,0,4,6,"1.6","1.0"
"2754",1,4,0,4,6,"1.6","0.6"
"2266",2,2,0,2,3,"2.3","0.4"
"104",2,4,1,4,6,"2.6","1.6"
"1776",2,2,1,2,5,"2.5","1.2"
"645",2,3,1,3,6,"2.6","1.6"
"782",2,2,1,2,2,"2.2","1.2"
"1423",1,4,1,4,5,"1.5","1.3"
"1100",1,4,1,4,4,"1.4","1.4"
"1052",2,1,0,1,1,"2.1","0.1"
"2230",2,4,0,4,7,"2.7","0.7"
"2384",1,2,0,2,3,"1.3","0.3"
"722",1,2,0,2,5,"1.5","0.5"
"2544",1,1,1,1,0,"1.0","1.0"
"202",1,2,0,2,2,"1.2","0.2"
"2112",1,1,0,1,1,"1.1","0.1"
"2749",1,4,0,4,4,"1.4","1.1"
"026",2,4,0,4,5,"2.5","0.2"
"1465",2,3,1,3,4,"2.4","1.4"
"317",1,3,0,3,2,"1.2","0.2"
"2504",2,2,1,2,3,"2.3","1.3"
"091",1,3,0,3,3,"1.3","0.5"
"475",2,3,0,3,3,"2.3","0.3"
"1034",1,2,0,2,2,"1.2","0.2"
"177",2,1,1,1,3,"2.3","1.5"
"1475",1,2,1,2,4,"1.4","0.1"
"2021",2,3,0,3,5,"2.5","1.2"
"867",1,3,1,3,3,"1.3","1.4"
"783",1,2,0,2,3,"1.3","1.2"
"864",2,1,0,1,3,"2.3","1.1"
"476",2,3,1,3,3,"2.3","0.3"
"2334",1,3,0,3,5,"1.5","0.2"
"2095",2,3,1,3,4,"2.4","1.4"
"618",1,3,0,3,4,"1.4","0.4"
"1128",1,4,0,4,4,"1.4","0.4"
"559",1,4,1,4,4,"1.4","1.4"
"1728",1,1,1,1,0,"1.0","0.5"
"2639",1,2,0,2,3,"1.3","0.3"
"2491",1,2,0,2,2,"1.2","0.2"
"081",1,4,1,4,4,"1.4","1.2"
"2417",1,3,0,3,2,"1.2","0.4"
"104",2,4,1,4,6,"2.6","0.4"
"1544",1,4,0,4,3,"1.3","0.3"
"427",1,2,0,2,2,"1.2","1.4"
"801",2,3,1,3,5,"2.5","1.2"
"664",1,4,0,4,3,"1.3","0.3"
"1096",2,1,1,1,0,"2.0","1.3"
"2954",2,1,0,1,0,"2.0","0.0"
"1701",1,1,0,1,2,"1.2","0.5"
"409",1,2,1,2,4,"1.4","1.4"
"2096",1,2,1,2,1,"1.1","1.4"
"488",1,1,1,1,0,"1.0","0.4"
"320",1,2,0,2,0,"1.0","1.4"
"496",2,4,0,4,5,"2.5","1.5"
"701",1,2,1,2,3,"1.3","0.3"
"804",1,1,0,1,1,"1.1","1.4"
"1385",1,4,1,4,6,"1.6","1.6"
"372",1,3,0,3,4,"1.4","0.0"
"2733",1,2,0,2,2,"1.2","1.4"
"007",1,1,1,1,1,"1.1","0.2"
"1378",1,2,0,2,4,"1.4","0.4"
"1806",1,3,0,3,4,"1.4","0.4"
"1255",2,1,0,1,3,"2.3","0.3"
"2928",1,2,0,2,3,"1.3","1.1"
"439",1,1,1,1,1,"1.1","1.1"
"1467",1,2,1,2,2,"1.2","0.2"
"173",1,3,0,3,2,"1.2","0.2"
"2542",1,4,0,4,4,"1.4","0.5"
"1729",2,1,1,1,1,"2.1","1.0"
"1422",1,3,1,3,3,"1.3","1.5"
"1884",1,1,0,1,1,"1.1","0.1"
"2625",1,3,0,3,4,"1.4","1.3"
"2925",2,1,0,1,2,"2.2","1.3"
"106",2,3,0,3,5,"2.5","0.3"
"1055",2,4,1,4,5,"2.5","1.3"
"1584",1,3,0,3,4,"1.4","1.5"
"1996",1,2,1,2,1,"1.1","0.6"
"1073",1,4,0,4,4,"1.4","0.4"
"321",1,3,1,3,3,"1.3","0.0"
"1859",1,1,0,1,1,"1.1","0.1"
"1624",1,3,0,3,3,"1.3","0.0"
"2836",2,4,0,4,4,"2.4","0.4"
"951",1,3,0,3,2,"1.2","1.0"
"2347",1,3,0,3,2,"1.2","0.2"
"2469",2,2,1,2,3,"2.3","0.6"
"1472",1,4,0,4,3,"1.3","1.2"
"1972",1,3,1,3,3,"1.3","0.0"
"267",2,4,1,4,6,"2.6","1.6"
"2995",2,3,1,3,4,"2.4","0.2"
"1159",1,3,0,3,1,"1.1","0.1"
"2784",2,3,1,3,3,"2.3","1.3"
"383",2,2,0,2,4,"2.4","0.2"
"186",1,4,1,4,5,"1.5","1.5"
"1053",1,2,0,2,3,"1.3","0.1"
"2274",1,3,0,3,2,"1.2","0.2"
"1499",1,4,0,4,4,"1.4","0.4"
"737",1,4,0,4,6,"1.6","0.3"
"019",1,4,0,4,4,"1.4","1.3"
"2121",1,3,0,3,4,"1.4","0.4"
"2314",1,3,1,3,3,"1.3","1.5"
"1142",2,1,1,1,2,"2.2","1.4"
"1531",1,3,0,3,4,"1.4","0.4"
"1442",2,3,1,3,3,"2.3","1.3"
"971",1,1,1,1,1,"1.1","1.1"
"060",1,3,0,3,3,"1.3","0.3"
"2939",1,3,1,3,4,"1.4","1.4"
"091",1,3,0,3,3,"1.3","0.3"
"1243",1,4,1,4,5,"1.5","1.5"
"415",1,3,0,3,2,"1.2","1.4"
"971",1,1,1,1,1,"1.1","0.1"
"2846",2,1,1,1,2,"2.2","1.2"
"2010",2,3,1,3,4,"2.4","0.3"
"2948",1,2,0,2,3,"1.3","0.1"
"1041",2,4,1,4,5,"2.5","1.5"
"545",2,2,0,2,4,"2.4","0.4"
"2371",2,1,1,1,2,"2.2","0.1"
"604",1,2,0,2,2,"1.2","0.2"
"1794",1,4,0,4,4,"1.4","1.3"
"040",1,2,0,2,3,"1.3","0.3"
"1073",1,4,0,4,4,"1.4","0.3"
"1830",2,4,0,4,5,"2.5","0.5"
"1356",1,2,0,2,2,"1.2","0.2"
"975",1,1,1,1,0,"1.0","1.0"
"136",1,1,0,1,1,"1.1","0.1"
"1677",2,4,1,4,7,"2.7","1.7"
"1347",2,2,1,2,4,"2.4","1.5"
"1314",2,3,0,3,4,"2.4","1.4"
"1872",2,1,1,1,2,"2.2","1.0"
"122",1,1,1,1,1,"1.1","1.1"
"2355",1,1,0,1,2,"1.2","1.6"
"2823",2,1,1,1,2,"2.2","1.2"
"1150",2,4,0,4,5,"2.5","0.5"
"2553",2,3,0,3,5,"2.5","0.4"
"908",1,1,0,1,0,"1.0","0.0"
"1187",1,4,1,4,4,"1.4","1.4"
"2095",2,3,1,3,4,"2.4","0.2"
"077",2,3,1,3,4,"2.4","1.4"
"749",1,4,1,4,4,"1.4","1.4"
"793",1,4,0,4,5,"1.5","0.4"
"1386",1,1,0,1,0,"1.0","0.0"
"425",1,1,1,1,3,"1.3","1.3"
"1546",2,4,0,4,5,"2.5","0.5"
"439",1,1,1,1,1,"1.1","0.2"
"2641",2,3,1,3,3,"2.3","1.3"
"1917",1,3,1,3,3,"1.3","1.3"
"1074",1,2,0,2,2,"1.2","0.4"
"2628",2,4,0,4,4,"2.4","0.4"
"590",1,4,0,4,3,"1.3","0.3"
"125",1,3,1,3,4,"1.4","1.4"
"169",2,4,1,4,3,"2.3","1.3"
"1193",2,1,1,1,1,"2.1","1.1"
"1609",1,3,0,3,4,"1.4","0.2"
"1133",1,2,1,2,1,"1.1","1.1"
"1473",2,4,1,4,6,"2.6","0.3"
"588",1,4,1,4,4,"1.4","1.4"
"1885",2,3,0,3,2,"2.2","0.2"
"2420",1,4,1,4,4,"1.4","0.3"
"418",1,3,1,3,3,"1.3","1.3"
"645",2,3,1,3,6,"2.6","0.6"
"966",1,1,1,1,1,"1.1","1.1"
"2992",2,1,0,1,1,"2.1","0.3"
"471",1,4,1,4,2,"1.2","1.2"
"1813",1,2,0,2,2,"1.2","1.4"
"638",1,4,0,4,4,"1.4","0.4"
"2531",1,4,0,4,3,"1.3","0.3"
"1501",1,3,0,3,3,"1.3","0.3"
"175",1,3,1,3,2,"1.2","0.3"
"1616",1,4,0,4,4,"1.4","0.6"
"2544",1,1,1,1,0,"1.0","0.0"
"042",1,2,1,2,3,"1.3","1.3"
"1736",1,3,0,3,1,"1.1","0.3"
"1604",2,2,1,2,4,"2.4","1.4"
"443",1,2,1,2,2,"1.2","1.2"
"174",2,2,0,2,3,"2.3","0.2"
"2380",2,1,1,1,2,"2.2","1.2"
"1323",1,1,1,1,0,"1.0","1.0"
"351",2,2,0,2,4,"2.4","1.1"
"326",1,2,0,2,2,"1.2","0.2"
"568",2,2,0,2,2,"2.2","0.2"
"2850",2,1,0,1,3,"2.3","1.4"
"467",1,2,1,2,3,"1.3","1.3"
"2433",1,3,0,3,4,"1.4","0.4"
"078",2,4,0,4,4,"2.4","1.4"
"2515",1,3,0,3,4,"1.4","0.4"
"455",1,2,0,2,1,"1.1","0.4"
"1978",2,4,0,4,7,"2.7","0.7"
"1966",1,4,0,4,4,"1.4","0.4"
"1176",2,4,1,4,6,"2.6","1.6"
"2612",2,4,0,4,5,"2.5","1.4"
"1922",1,2,1,2,0,"1.0","1.5"
"1851",1,2,0,2,3,"1.3","0.3"
"263",1,2,0,2,2,"1.2","0.2"
"2554",2,2,0,2,4,"2.4","0.5"
"188",1,1,1,1,1,"1.1","1.1"
"020",1,4,1,4,5,"1.5","1.5"
"1148",2,4,0,4,5,"2.5","0.3"
"1728",1,1,1,1,0,"1.0","1.0"
"1413",2,4,1,4,5,"2.5","1.4"
"654",1,1,0,1,0,"1.0","0.0"
"699",1,2,0,2,4,"1.4","0.4"
"340",2,2,0,2,3,"2.3","0.3"
"2874",1,2,0,2,2,"1.2","1.4"
"1859",1,1,0,1,1,"1.1","0.3"
"884",2,1,1,1,1,"2.1","1.1"
"924",1,4,0,4,3,"1.3","0.3"
"2972",1,1,0,1,1,"1.1","0.1"
"813",2,2,0,2,2,"2.2","1.1"
"869",2,2,0,2,3,"2.3","0.3"
"1189",2,1,1,1,2,"2.2","1.3"
"2932",1,1,0,1,1,"1.1","0.1"
"898",1,4,1,4,3,"1.3","0.2"
"1038",1,1,1,1,1,"1.1","0.3"
"2799",1,4,1,4,4,"1.4","1.4"
"1594",1,2,0,2,1,"1.1","0.1"
"323",1,2,1,2,4,"1.4","1.4"
"1151",1,2,0,2,2,"1.2","0.5"
"1898",1,3,1,3,3,"1.3","0.3"
"1867",1,2,0,2,2,"1.2","0.2"
"2958",1,1,1,1,1,"1.1","1.1"
"406",1,3,1,3,4,"1.4","1.4"
"2441",1,1,0,1,1,"1.1","0.1"
"847",1,1,0,1,2,"1.2","1.4"
"1532",1,3,0,3,2,"1.2","0.4"
"2785",1,4,0,4,4,"1.4","1.3"
"1955",1,3,0,3,2,"1.2","1.0"
"1684",2,3,1,3,5,"2.5","0.3"
"1886",2,3,1,3,4,"2.4","0.2"
"1902",1,1,1,1,2,"1.2","0.3"
"1157",2,4,1,4,5,"2.5","0.4"
"2408",1,4,0,4,6,"1.6","0.6"
"1645",1,4,1,4,5,"1.5","1.4"
"976",1,1,0,1,2,"1.2","1.0"
"1039",1,2,1,2,1,"1.1","1.1"
"2909",1,1,1,1,1,"1.1","1.0"
"1649",1,3,0,3,5,"1.5","0.1"
"071",1,1,0,1,0,"1.0","0.0"
"958",1,2,0,2,0,"1.0","0.0"
"2646",1,2,1,2,3,"1.3","0.4"
"1158",1,1,0,1,1,"1.1","1.5"
"1210",2,2,1,2,2,"2.2","0.1"
"544",1,2,1,2,2,"1.2","1.3"
"2541",2,3,0,3,5,"2.5","1.3"
"058",2,2,1,2,4,"2.4","1.2"
"108",2,1,1,1,2,"2.2","0.3"
"2712",1,2,0,2,3,"1.3","0.3"
"2116",1,1,1,1,2,"1.2","0.5"
"176",2,4,1,4,5,"2.5","1.2"
"2555",2,1,1,1,2,"2.2","1.2"
"1676",2,1,0,1,0,"2.0","0.0"
"2052",1,3,0,3,2,"1.2","0.5"
"720",1,1,0,1,2,"1.2","0.2"
"513",2,3,0,3,4,"2.4","0.4"
"316",2,2,0,2,3,"2.3","0.3"
"1079",1,4,0,4,4,"1.4","1.4"
"1514",1,3,1,3,5,"1.5","1.2"
"1228",2,1,0,1,3,"2.3","0.0"
"2301",1,1,0,1,0,"1.0","0.0"
"2705",1,4,1,4,3,"1.3","1.3"
"260",1,2,1,2,3,"1.3","1.3"
"1681",2,4,1,4,4,"2.4","1.4"
"690",1,4,1,4,4,"1.4","0.3"
"2789",1,4,1,4,2,"1.2","1.2"
"2627",2,4,1,4,6,"2.6","1.6"
"2881",2,3,0,3,2,"2.2","0.2"
"1570",1,4,0,4,6,"1.6","1.2"
"1107",1,1,0,1,3,"1.3","0.5"
"2439",1,2,0,2,2,"1.2","0.2"
"119",2,4,0,4,4,"2.4","0.2"
"2366",2,2,1,2,4,"2.4","1.4"
"2812",1,3,1,3,3,"1.3","1.3"
"2847",2,3,0,3,6,"2.6","0.6"
"1184",1,2,0,2,2,"1.2","0.2"
"1208",1,2,0,2,3,"1.3","0.2"
"050",1,3,0,3,2,"1.2","0.4"
"1425",1,2,1,2,4,"1.4","0.1"
"411",1,4,1,4,4,"1.4","1.4"
"1919",1,2,0,2,2,"1.2","0.2"
"2527",2,1,0,1,1,"2.1","0.1"
"733",1,2,1,2,0,"1.0","1.0"
"2251",1,1,1,1,3,"1.3","0.3"
"2317",1,4,0,4,5,"1.5","0.2"
"1357",1,4,1,4,4,"1.4","0.2"
"1772",1,2,1,2,2,"1.2","0.3"
"1125",2,2,1,2,2,"2.2","1.2"
"063",1,2,0,2,0,"1.0","0.0"
"247",1,2,1,2,3,"1.3","1.3"
"2792",1,2,1,2,2,"1.2","1.2"
"1459",1,1,1,1,2,"1.2","1.4"
"102",1,2,1,2,3,"1.3","1.3"
"524",1,4,1,4,4,"1.4","1.1"
"2132",2,1,0,1,0,"2.0","0.0"
"854",2,1,1,1,2,"2.2","1.5"
"200",2,2,1,2,2,"2.2","0.4"
"1392",1,2,0,2,1,"1.1","0.1"
"239",2,2,0,2,4,"2.4","0.3"
"1128",1,4,0,4,4,"1.4","0.4"
"1765",1,1,0,1,1,"1.1","0.1"
"279",2,3,0,3,3,"2.3","0.3"
"420",2,1,1,1,3,"2.3","0.1"
"2309",2,2,0,2,3,"2.3","0.3"
"2329",1,4,1,4,5,"1.5","1.5"
"1737",1,2,1,2,2,"1.2","0.1"
"2800",1,3,0,3,3,"1.3","0.3"
"1685",1,2,0,2,2,"1.2","1.5"
"851",1,2,0,2,1,"1.1","0.1"
